{
    "animations": [{
        "name": "default",
        "tracks": [{
            "type": "vector3",
            "keys": [{
                "value": [0,2.50155,0],
                "time": 0
            },{
                "value": [0,2.50155,0],
                "time": 120
            },{
                "value": [0,2.50155,0],
                "time": 240
            },{
                "value": [0,2.50155,0],
                "time": 360
            }],
            "name": "CameraPreset.position"
        },{
            "type": "vector3",
            "keys": [{
                "value": [1,1,1],
                "time": 0
            },{
                "value": [1,1,1],
                "time": 120
            },{
                "value": [1,1,1],
                "time": 240
            },{
                "value": [1,1,1],
                "time": 360
            }],
            "name": "CameraPreset.scale"
        },{
            "type": "quaternion",
            "keys": [{
                "value": [0,0.707107,0.707107,0],
                "time": 0
            },{
                "value": [-0.612372,-0.353553,-0.353553,0.612372],
                "time": 120
            },{
                "value": [-0.612372,0.353553,0.353553,0.612372],
                "time": 240
            },{
                "value": [-0,0.707107,0.707107,0],
                "time": 360
            }],
            "name": "CameraPreset.quaternion"
        }],
        "fps": 29
    }],
    "images": [{
        "url": "AfricanEbonyBoards-ColorMap.png",
        "uuid": "B629A64E-CAE6-356A-ABAF-2CC7938C64C1",
        "name": "AfricanEbonyBoards-ColorMap.png"
    }],
    "geometries": [{
        "type": "Geometry",
        "data": {
            "morphTargets": [],
            "uvs": [],
            "name": "Box7Geometry",
            "vertices": [],
            "normals": [],
            "influencesPerVertex": 2,
            "bones": [],
            "faces": [],
            "metadata": {
                "generator": "io_three",
                "morphTargets": 0,
                "uvs": 0,
                "version": 3,
                "vertices": 0,
                "normals": 0,
                "bones": 0,
                "materials": 0
            },
            "animations": [],
            "skinWeights": [],
            "skinIndices": []
        },
        "uuid": "778708C3-2A4C-30ED-AC23-F99783DFA888",
        "materials": []
    },{
        "type": "Geometry",
        "data": {
            "morphTargets": [],
            "uvs": [[0,1,0,0,1,0,1,1]],
            "name": "Box8Geometry",
            "vertices": [0.5,-0.5,0.5,0.5,0.5,0.5,0.5,-0.5,-0.5,0.5,0.5,-0.5,-0.5,0.5,0.5,-0.5,-0.5,0.5,-0.5,0.5,-0.5,-0.5,-0.5,-0.5],
            "normals": [0.577349,-0.577349,0.577349,0.577349,-0.577349,-0.577349,0.577349,0.577349,-0.577349,0.577349,0.577349,0.577349,-0.577349,0.577349,0.577349,-0.577349,0.577349,-0.577349,-0.577349,-0.577349,-0.577349,-0.577349,-0.577349,0.577349],
            "influencesPerVertex": 2,
            "bones": [],
            "faces": [43,0,2,3,1,0,0,1,2,3,0,1,2,3,43,4,6,7,5,0,0,1,2,3,4,5,6,7,43,0,1,4,5,0,2,3,0,1,0,3,4,7,43,7,6,3,2,0,0,1,2,3,6,5,2,1,43,2,0,5,7,0,2,3,0,1,1,0,7,6,43,1,3,6,4,0,0,1,2,3,3,2,5,4],
            "metadata": {
                "generator": "io_three",
                "morphTargets": 0,
                "uvs": 1,
                "version": 3,
                "vertices": 8,
                "normals": 8,
                "faces": 6,
                "bones": 0,
                "materials": 1
            },
            "animations": [],
            "skinWeights": [],
            "skinIndices": []
        },
        "uuid": "D9FDB576-F098-320B-9FFB-E5989779BD81",
        "materials": [{
            "mapDiffuse": "AfricanEbonyBoards-ColorMap.png",
            "mapDiffuseWrap": ["RepeatWrapping","RepeatWrapping"],
            "shading": "phong",
            "depthTest": true,
            "depthWrite": true,
            "colorAmbient": [1,1,1],
            "visible": true,
            "DbgIndex": 0,
            "specularCoef": 50,
            "colorSpecular": [0.014902,0.009804,0.006275],
            "mapDiffuseAnisotropy": 1,
            "opacity": 1,
            "DbgName": "Wood",
            "wireframe": false,
            "DbgColor": 15658734,
            "doubleSided": true,
            "transparent": false,
            "colorEmissive": [0,0,0],
            "mapDiffuseRepeat": [1,1],
            "colorDiffuse": [1,1,1],
            "blending": "NormalBlending"
        }]
    },{
        "type": "Geometry",
        "data": {
            "morphTargets": [],
            "uvs": [[0,1,0,0,1,0,1,1]],
            "name": "Box9Geometry",
            "vertices": [0.5,-0.5,0.5,0.5,0.5,0.5,0.5,-0.5,-0.5,0.5,0.5,-0.5,-0.5,0.5,0.5,-0.5,-0.5,0.5,-0.5,0.5,-0.5,-0.5,-0.5,-0.5],
            "normals": [0.577349,-0.577349,0.577349,0.577349,-0.577349,-0.577349,0.577349,0.577349,-0.577349,0.577349,0.577349,0.577349,-0.577349,0.577349,0.577349,-0.577349,0.577349,-0.577349,-0.577349,-0.577349,-0.577349,-0.577349,-0.577349,0.577349],
            "influencesPerVertex": 2,
            "bones": [],
            "faces": [43,0,2,3,1,0,0,1,2,3,0,1,2,3,43,4,6,7,5,0,0,1,2,3,4,5,6,7,43,0,1,4,5,0,2,3,0,1,0,3,4,7,43,7,6,3,2,0,0,1,2,3,6,5,2,1,43,2,0,5,7,0,2,3,0,1,1,0,7,6,43,1,3,6,4,0,0,1,2,3,3,2,5,4],
            "metadata": {
                "generator": "io_three",
                "morphTargets": 0,
                "uvs": 1,
                "version": 3,
                "vertices": 8,
                "normals": 8,
                "faces": 6,
                "bones": 0,
                "materials": 1
            },
            "animations": [],
            "skinWeights": [],
            "skinIndices": []
        },
        "uuid": "98CE0ABF-982E-3010-BF1D-01919C9CB4EF",
        "materials": [{
            "mapDiffuse": "AfricanEbonyBoards-ColorMap.png",
            "mapDiffuseWrap": ["RepeatWrapping","RepeatWrapping"],
            "shading": "phong",
            "depthTest": true,
            "depthWrite": true,
            "colorAmbient": [1,1,1],
            "visible": true,
            "DbgIndex": 0,
            "specularCoef": 50,
            "colorSpecular": [0.014902,0.009804,0.006275],
            "mapDiffuseAnisotropy": 1,
            "opacity": 1,
            "DbgName": "Wood",
            "wireframe": false,
            "DbgColor": 15658734,
            "doubleSided": true,
            "transparent": false,
            "colorEmissive": [0,0,0],
            "mapDiffuseRepeat": [1,1],
            "colorDiffuse": [1,1,1],
            "blending": "NormalBlending"
        }]
    },{
        "type": "Geometry",
        "data": {
            "morphTargets": [],
            "uvs": [[0,1,0,0,1,0,1,1]],
            "name": "BoxGeometry",
            "vertices": [0.5,-0.5,0.5,0.5,0.5,0.5,0.5,-0.5,-0.5,0.5,0.5,-0.5,-0.5,0.5,0.5,-0.5,-0.5,0.5,-0.5,0.5,-0.5,-0.5,-0.5,-0.5],
            "normals": [0.577349,-0.577349,0.577349,0.577349,-0.577349,-0.577349,0.577349,0.577349,-0.577349,0.577349,0.577349,0.577349,-0.577349,0.577349,0.577349,-0.577349,0.577349,-0.577349,-0.577349,-0.577349,-0.577349,-0.577349,-0.577349,0.577349],
            "influencesPerVertex": 2,
            "bones": [],
            "faces": [43,0,2,3,1,0,0,1,2,3,0,1,2,3,43,4,6,7,5,0,0,1,2,3,4,5,6,7,43,0,1,4,5,0,2,3,0,1,0,3,4,7,43,7,6,3,2,0,0,1,2,3,6,5,2,1,43,2,0,5,7,0,2,3,0,1,1,0,7,6,43,1,3,6,4,0,0,1,2,3,3,2,5,4],
            "metadata": {
                "generator": "io_three",
                "morphTargets": 0,
                "uvs": 1,
                "version": 3,
                "vertices": 8,
                "normals": 8,
                "faces": 6,
                "bones": 0,
                "materials": 1
            },
            "animations": [],
            "skinWeights": [],
            "skinIndices": []
        },
        "uuid": "15641190-4052-3871-BF5E-F046F6B1B496",
        "materials": [{
            "mapDiffuse": "AfricanEbonyBoards-ColorMap.png",
            "mapDiffuseWrap": ["RepeatWrapping","RepeatWrapping"],
            "shading": "phong",
            "depthTest": true,
            "depthWrite": true,
            "colorAmbient": [1,1,1],
            "visible": true,
            "DbgIndex": 0,
            "specularCoef": 50,
            "colorSpecular": [0.014902,0.009804,0.006275],
            "mapDiffuseAnisotropy": 1,
            "opacity": 1,
            "DbgName": "Wood",
            "wireframe": false,
            "DbgColor": 15658734,
            "doubleSided": true,
            "transparent": false,
            "colorEmissive": [0,0,0],
            "mapDiffuseRepeat": [1,1],
            "colorDiffuse": [1,1,1],
            "blending": "NormalBlending"
        }]
    },{
        "type": "Geometry",
        "data": {
            "morphTargets": [],
            "uvs": [[0,1,0,0,1,0,1,1]],
            "name": "Box6Geometry",
            "vertices": [0.5,-0.5,0.5,0.5,0.5,0.5,0.5,-0.5,-0.5,0.5,0.5,-0.5,-0.5,0.5,0.5,-0.5,-0.5,0.5,-0.5,0.5,-0.5,-0.5,-0.5,-0.5],
            "normals": [0.577349,-0.577349,0.577349,0.577349,-0.577349,-0.577349,0.577349,0.577349,-0.577349,0.577349,0.577349,0.577349,-0.577349,0.577349,0.577349,-0.577349,0.577349,-0.577349,-0.577349,-0.577349,-0.577349,-0.577349,-0.577349,0.577349],
            "influencesPerVertex": 2,
            "bones": [],
            "faces": [43,0,2,3,1,0,0,1,2,3,0,1,2,3,43,4,6,7,5,0,0,1,2,3,4,5,6,7,43,0,1,4,5,0,2,3,0,1,0,3,4,7,43,7,6,3,2,0,0,1,2,3,6,5,2,1,43,2,0,5,7,0,2,3,0,1,1,0,7,6,43,1,3,6,4,0,0,1,2,3,3,2,5,4],
            "metadata": {
                "generator": "io_three",
                "morphTargets": 0,
                "uvs": 1,
                "version": 3,
                "vertices": 8,
                "normals": 8,
                "faces": 6,
                "bones": 0,
                "materials": 1
            },
            "animations": [],
            "skinWeights": [],
            "skinIndices": []
        },
        "uuid": "5F05442A-9704-3BFB-BE1B-EE12E2150EE3",
        "materials": [{
            "mapDiffuse": "AfricanEbonyBoards-ColorMap.png",
            "mapDiffuseWrap": ["RepeatWrapping","RepeatWrapping"],
            "shading": "phong",
            "depthTest": true,
            "depthWrite": true,
            "colorAmbient": [1,1,1],
            "visible": true,
            "DbgIndex": 0,
            "specularCoef": 50,
            "colorSpecular": [0.014902,0.009804,0.006275],
            "mapDiffuseAnisotropy": 1,
            "opacity": 1,
            "DbgName": "Wood",
            "wireframe": false,
            "DbgColor": 15658734,
            "doubleSided": true,
            "transparent": false,
            "colorEmissive": [0,0,0],
            "mapDiffuseRepeat": [1,1],
            "colorDiffuse": [1,1,1],
            "blending": "NormalBlending"
        }]
    },{
        "type": "Geometry",
        "data": {
            "morphTargets": [],
            "uvs": [[0,1,0,0,1,0,1,1]],
            "name": "Box3Geometry",
            "vertices": [0.5,-0.5,0.5,0.5,0.5,0.5,0.5,-0.5,-0.5,0.5,0.5,-0.5,-0.5,0.5,0.5,-0.5,-0.5,0.5,-0.5,0.5,-0.5,-0.5,-0.5,-0.5],
            "normals": [0.577349,-0.577349,0.577349,0.577349,-0.577349,-0.577349,0.577349,0.577349,-0.577349,0.577349,0.577349,0.577349,-0.577349,0.577349,0.577349,-0.577349,0.577349,-0.577349,-0.577349,-0.577349,-0.577349,-0.577349,-0.577349,0.577349],
            "influencesPerVertex": 2,
            "bones": [],
            "faces": [43,0,2,3,1,0,0,1,2,3,0,1,2,3,43,4,6,7,5,0,0,1,2,3,4,5,6,7,43,0,1,4,5,0,2,3,0,1,0,3,4,7,43,7,6,3,2,0,0,1,2,3,6,5,2,1,43,2,0,5,7,0,2,3,0,1,1,0,7,6,43,1,3,6,4,0,0,1,2,3,3,2,5,4],
            "metadata": {
                "generator": "io_three",
                "morphTargets": 0,
                "uvs": 1,
                "version": 3,
                "vertices": 8,
                "normals": 8,
                "faces": 6,
                "bones": 0,
                "materials": 1
            },
            "animations": [],
            "skinWeights": [],
            "skinIndices": []
        },
        "uuid": "DAF26EED-E8A1-3597-94D1-E65246622C91",
        "materials": [{
            "mapDiffuse": "AfricanEbonyBoards-ColorMap.png",
            "mapDiffuseWrap": ["RepeatWrapping","RepeatWrapping"],
            "shading": "phong",
            "depthTest": true,
            "depthWrite": true,
            "colorAmbient": [1,1,1],
            "visible": true,
            "DbgIndex": 0,
            "specularCoef": 50,
            "colorSpecular": [0.014902,0.009804,0.006275],
            "mapDiffuseAnisotropy": 1,
            "opacity": 1,
            "DbgName": "Wood",
            "wireframe": false,
            "DbgColor": 15658734,
            "doubleSided": true,
            "transparent": false,
            "colorEmissive": [0,0,0],
            "mapDiffuseRepeat": [1,1],
            "colorDiffuse": [1,1,1],
            "blending": "NormalBlending"
        }]
    },{
        "type": "Geometry",
        "data": {
            "morphTargets": [],
            "uvs": [[0,1,0,0,1,0,1,1]],
            "name": "Box4Geometry",
            "vertices": [0.5,-0.5,0.5,0.5,0.5,0.5,0.5,-0.5,-0.5,0.5,0.5,-0.5,-0.5,0.5,0.5,-0.5,-0.5,0.5,-0.5,0.5,-0.5,-0.5,-0.5,-0.5],
            "normals": [0.577349,-0.577349,0.577349,0.577349,-0.577349,-0.577349,0.577349,0.577349,-0.577349,0.577349,0.577349,0.577349,-0.577349,0.577349,0.577349,-0.577349,0.577349,-0.577349,-0.577349,-0.577349,-0.577349,-0.577349,-0.577349,0.577349],
            "influencesPerVertex": 2,
            "bones": [],
            "faces": [43,0,2,3,1,0,0,1,2,3,0,1,2,3,43,4,6,7,5,0,0,1,2,3,4,5,6,7,43,0,1,4,5,0,2,3,0,1,0,3,4,7,43,7,6,3,2,0,0,1,2,3,6,5,2,1,43,2,0,5,7,0,2,3,0,1,1,0,7,6,43,1,3,6,4,0,0,1,2,3,3,2,5,4],
            "metadata": {
                "generator": "io_three",
                "morphTargets": 0,
                "uvs": 1,
                "version": 3,
                "vertices": 8,
                "normals": 8,
                "faces": 6,
                "bones": 0,
                "materials": 1
            },
            "animations": [],
            "skinWeights": [],
            "skinIndices": []
        },
        "uuid": "21064AED-2F9E-349A-8048-33069A9BEACE",
        "materials": [{
            "mapDiffuse": "AfricanEbonyBoards-ColorMap.png",
            "mapDiffuseWrap": ["RepeatWrapping","RepeatWrapping"],
            "shading": "phong",
            "depthTest": true,
            "depthWrite": true,
            "colorAmbient": [1,1,1],
            "visible": true,
            "DbgIndex": 0,
            "specularCoef": 50,
            "colorSpecular": [0.014902,0.009804,0.006275],
            "mapDiffuseAnisotropy": 1,
            "opacity": 1,
            "DbgName": "Wood",
            "wireframe": false,
            "DbgColor": 15658734,
            "doubleSided": true,
            "transparent": false,
            "colorEmissive": [0,0,0],
            "mapDiffuseRepeat": [1,1],
            "colorDiffuse": [1,1,1],
            "blending": "NormalBlending"
        }]
    },{
        "type": "Geometry",
        "data": {
            "morphTargets": [],
            "uvs": [[0,1,0,0,1,0,1,1]],
            "name": "Box2Geometry",
            "vertices": [0.5,-0.5,0.5,0.5,0.5,0.5,0.5,-0.5,-0.5,0.5,0.5,-0.5,-0.5,0.5,0.5,-0.5,-0.5,0.5,-0.5,0.5,-0.5,-0.5,-0.5,-0.5],
            "normals": [0.577349,-0.577349,0.577349,0.577349,-0.577349,-0.577349,0.577349,0.577349,-0.577349,0.577349,0.577349,0.577349,-0.577349,0.577349,0.577349,-0.577349,0.577349,-0.577349,-0.577349,-0.577349,-0.577349,-0.577349,-0.577349,0.577349],
            "influencesPerVertex": 2,
            "bones": [],
            "faces": [43,0,2,3,1,0,0,1,2,3,0,1,2,3,43,4,6,7,5,0,0,1,2,3,4,5,6,7,43,0,1,4,5,0,2,3,0,1,0,3,4,7,43,7,6,3,2,0,0,1,2,3,6,5,2,1,43,2,0,5,7,0,2,3,0,1,1,0,7,6,43,1,3,6,4,0,0,1,2,3,3,2,5,4],
            "metadata": {
                "generator": "io_three",
                "morphTargets": 0,
                "uvs": 1,
                "version": 3,
                "vertices": 8,
                "normals": 8,
                "faces": 6,
                "bones": 0,
                "materials": 1
            },
            "animations": [],
            "skinWeights": [],
            "skinIndices": []
        },
        "uuid": "A3266DF7-EF8B-3835-B919-F2D9B9D10D07",
        "materials": [{
            "mapDiffuse": "AfricanEbonyBoards-ColorMap.png",
            "mapDiffuseWrap": ["RepeatWrapping","RepeatWrapping"],
            "shading": "phong",
            "depthTest": true,
            "depthWrite": true,
            "colorAmbient": [1,1,1],
            "visible": true,
            "DbgIndex": 0,
            "specularCoef": 50,
            "colorSpecular": [0.014902,0.009804,0.006275],
            "mapDiffuseAnisotropy": 1,
            "opacity": 1,
            "DbgName": "Wood",
            "wireframe": false,
            "DbgColor": 15658734,
            "doubleSided": true,
            "transparent": false,
            "colorEmissive": [0,0,0],
            "mapDiffuseRepeat": [1,1],
            "colorDiffuse": [1,1,1],
            "blending": "NormalBlending"
        }]
    },{
        "type": "Geometry",
        "data": {
            "morphTargets": [],
            "uvs": [[0,1,0,0,1,0,1,1]],
            "name": "Box1Geometry",
            "vertices": [0.5,-0.5,0.5,0.5,0.5,0.5,0.5,-0.5,-0.5,0.5,0.5,-0.5,-0.5,0.5,0.5,-0.5,-0.5,0.5,-0.5,0.5,-0.5,-0.5,-0.5,-0.5],
            "normals": [0.577349,-0.577349,0.577349,0.577349,-0.577349,-0.577349,0.577349,0.577349,-0.577349,0.577349,0.577349,0.577349,-0.577349,0.577349,0.577349,-0.577349,0.577349,-0.577349,-0.577349,-0.577349,-0.577349,-0.577349,-0.577349,0.577349],
            "influencesPerVertex": 2,
            "bones": [],
            "faces": [43,0,2,3,1,0,0,1,2,3,0,1,2,3,43,4,6,7,5,0,0,1,2,3,4,5,6,7,43,0,1,4,5,0,2,3,0,1,0,3,4,7,43,7,6,3,2,0,0,1,2,3,6,5,2,1,43,2,0,5,7,0,2,3,0,1,1,0,7,6,43,1,3,6,4,0,0,1,2,3,3,2,5,4],
            "metadata": {
                "generator": "io_three",
                "morphTargets": 0,
                "uvs": 1,
                "version": 3,
                "vertices": 8,
                "normals": 8,
                "faces": 6,
                "bones": 0,
                "materials": 1
            },
            "animations": [],
            "skinWeights": [],
            "skinIndices": []
        },
        "uuid": "0813763B-3A95-3717-A405-7EEF112B324A",
        "materials": [{
            "mapDiffuse": "AfricanEbonyBoards-ColorMap.png",
            "mapDiffuseWrap": ["RepeatWrapping","RepeatWrapping"],
            "shading": "phong",
            "depthTest": true,
            "depthWrite": true,
            "colorAmbient": [1,1,1],
            "visible": true,
            "DbgIndex": 0,
            "specularCoef": 50,
            "colorSpecular": [0.014902,0.009804,0.006275],
            "mapDiffuseAnisotropy": 1,
            "opacity": 1,
            "DbgName": "Wood",
            "wireframe": false,
            "DbgColor": 15658734,
            "doubleSided": true,
            "transparent": false,
            "colorEmissive": [0,0,0],
            "mapDiffuseRepeat": [1,1],
            "colorDiffuse": [1,1,1],
            "blending": "NormalBlending"
        }]
    },{
        "type": "Geometry",
        "data": {
            "morphTargets": [],
            "uvs": [[0,1,0,0,1,0,1,1]],
            "name": "Box5Geometry",
            "vertices": [0.5,-0.5,0.5,0.5,0.5,0.5,0.5,-0.5,-0.5,0.5,0.5,-0.5,-0.5,0.5,0.5,-0.5,-0.5,0.5,-0.5,0.5,-0.5,-0.5,-0.5,-0.5],
            "normals": [0.577349,-0.577349,0.577349,0.577349,-0.577349,-0.577349,0.577349,0.577349,-0.577349,0.577349,0.577349,0.577349,-0.577349,0.577349,0.577349,-0.577349,0.577349,-0.577349,-0.577349,-0.577349,-0.577349,-0.577349,-0.577349,0.577349],
            "influencesPerVertex": 2,
            "bones": [],
            "faces": [43,0,2,3,1,0,0,1,2,3,0,1,2,3,43,4,6,7,5,0,0,1,2,3,4,5,6,7,43,0,1,4,5,0,2,3,0,1,0,3,4,7,43,7,6,3,2,0,0,1,2,3,6,5,2,1,43,2,0,5,7,0,2,3,0,1,1,0,7,6,43,1,3,6,4,0,0,1,2,3,3,2,5,4],
            "metadata": {
                "generator": "io_three",
                "morphTargets": 0,
                "uvs": 1,
                "version": 3,
                "vertices": 8,
                "normals": 8,
                "faces": 6,
                "bones": 0,
                "materials": 1
            },
            "animations": [],
            "skinWeights": [],
            "skinIndices": []
        },
        "uuid": "64183BD0-6EAE-3D88-8ABC-1117C3AD9D35",
        "materials": [{
            "mapDiffuse": "AfricanEbonyBoards-ColorMap.png",
            "mapDiffuseWrap": ["RepeatWrapping","RepeatWrapping"],
            "shading": "phong",
            "depthTest": true,
            "depthWrite": true,
            "colorAmbient": [1,1,1],
            "visible": true,
            "DbgIndex": 0,
            "specularCoef": 50,
            "colorSpecular": [0.014902,0.009804,0.006275],
            "mapDiffuseAnisotropy": 1,
            "opacity": 1,
            "DbgName": "Wood",
            "wireframe": false,
            "DbgColor": 15658734,
            "doubleSided": true,
            "transparent": false,
            "colorEmissive": [0,0,0],
            "mapDiffuseRepeat": [1,1],
            "colorDiffuse": [1,1,1],
            "blending": "NormalBlending"
        }]
    }],
    "object": {
        "matrix": [1,0,0,0,0,1,0,0,0,0,1,0,0,0,0,1],
        "children": [{
            "name": "Box",
            "uuid": "DDA9AE26-14F9-3E6A-9BDD-AF02F6D2F286",
            "matrix": [-3.4304,0,0,0,0,0,2.1731,0,0,0.0824,0,0,-0.0082,1.5235,0.0091,1],
            "visible": true,
            "type": "Mesh",
            "material": "F774E590-206B-3BC1-8D93-74EA16BB249F",
            "castShadow": true,
            "receiveShadow": true,
            "geometry": "15641190-4052-3871-BF5E-F046F6B1B496"
        },{
            "name": "Box1",
            "uuid": "13AB8362-B9AF-310A-8509-00DC96972EBC",
            "matrix": [0.1268,0,0,0,0,0,2.2957,0,0,4.4331,0,0,-1.7178,2.2779,-0.0036,1],
            "visible": true,
            "type": "Mesh",
            "material": "F774E590-206B-3BC1-8D93-74EA16BB249F",
            "castShadow": true,
            "receiveShadow": true,
            "geometry": "0813763B-3A95-3717-A405-7EEF112B324A"
        },{
            "name": "Box2",
            "uuid": "66A008AC-44C6-3B23-9275-5237B57058C0",
            "matrix": [-0.1186,0,0,0,0,0,2.3704,0,0,4.3512,0,0,-0.0325,2.3024,-0.0171,1],
            "visible": true,
            "type": "Mesh",
            "material": "F774E590-206B-3BC1-8D93-74EA16BB249F",
            "castShadow": true,
            "receiveShadow": true,
            "geometry": "A3266DF7-EF8B-3835-B919-F2D9B9D10D07"
        },{
            "name": "Box3",
            "uuid": "BF7F5BAE-ECAB-32A6-B7E6-0F0B02A66F3D",
            "matrix": [-3.5418,0,0,0,0,0,0.1119,0,0,4.3745,0,0,0.0141,2.3023,0.0582,1],
            "visible": true,
            "type": "Mesh",
            "material": "F774E590-206B-3BC1-8D93-74EA16BB249F",
            "castShadow": true,
            "receiveShadow": true,
            "geometry": "DAF26EED-E8A1-3597-94D1-E65246622C91"
        },{
            "name": "Box4",
            "uuid": "21E1EE28-720A-3F5F-A701-169B87D161B6",
            "matrix": [-3.5304,0,0,0,0,0,2.3272,0,0,0.1475,0,0,0.0471,4.4453,0,1],
            "visible": true,
            "type": "Mesh",
            "material": "F774E590-206B-3BC1-8D93-74EA16BB249F",
            "castShadow": true,
            "receiveShadow": true,
            "geometry": "21064AED-2F9E-349A-8048-33069A9BEACE"
        },{
            "name": "Box5",
            "uuid": "B7F31A6C-E829-3060-8AE1-EBA084A2865B",
            "matrix": [-3.4304,0,0,0,0,0,2.1715,0,0,0.0824,0,0,-0.0082,2.9932,0.0091,1],
            "visible": true,
            "type": "Mesh",
            "material": "F774E590-206B-3BC1-8D93-74EA16BB249F",
            "castShadow": true,
            "receiveShadow": true,
            "geometry": "64183BD0-6EAE-3D88-8ABC-1117C3AD9D35"
        },{
            "name": "Box6",
            "uuid": "635989B7-6F0F-336A-8B27-DC1722994B13",
            "matrix": [-0.1186,0,0,0,0,0,2.3704,0,0,4.3512,0,0,1.7251,2.3024,-0.0171,1],
            "visible": true,
            "type": "Mesh",
            "material": "F774E590-206B-3BC1-8D93-74EA16BB249F",
            "castShadow": true,
            "receiveShadow": true,
            "geometry": "5F05442A-9704-3BFB-BE1B-EE12E2150EE3"
        },{
            "name": "Box8",
            "uuid": "43CFC224-7989-3DCA-9CAA-AACBEFA6DBBB",
            "matrix": [-3.5824,0,0,0,0,0,2.3311,0,0,0.1285,0,0,-0.003,0.0748,0,1],
            "visible": true,
            "type": "Mesh",
            "material": "F774E590-206B-3BC1-8D93-74EA16BB249F",
            "castShadow": true,
            "receiveShadow": true,
            "geometry": "D9FDB576-F098-320B-9FFB-E5989779BD81"
        },{
            "name": "Box9",
            "uuid": "82475668-0D68-35E4-A7AD-6FC2EA1CDC6D",
            "matrix": [-3.8026,0,0,0,0,0,1,0,0,0.2781,0,0,-0.1598,0.9615,0,1],
            "visible": false,
            "type": "Mesh",
            "material": "F774E590-206B-3BC1-8D93-74EA16BB249F",
            "castShadow": true,
            "receiveShadow": true,
            "geometry": "98CE0ABF-982E-3010-BF1D-01919C9CB4EF"
        },{
            "name": "CameraPreset",
            "uuid": "B0C4E574-DECC-3D97-99F0-60577F3026BF",
            "matrix": [-1,0,-0,0,-0,0,1,0,0,1,0,0,0,2.50155,0,1],
            "visible": true,
            "type": "Object",
            "children": [{
                "name": "TurnTableCamera",
                "uuid": "D7C44AB9-C5E4-3E53-805E-02A6D8DC90EC",
                "matrix": [-1.10905,0.510296,0.021086,0,-0.013948,-0.054445,0.584002,0,-0.225595,-0.488193,-0.050901,0,-1.7129,-14.826,-0.4625,1],
                "visible": true,
                "type": "PerspectiveCamera",
                "far": 50000,
                "near": 0.1,
                "aspect": 1.77778,
                "fov": 38.6274
            }]
        },{
            "name": "LightPreset",
            "uuid": "1783D250-7BC6-30D0-B7CB-5461D8774CE2",
            "matrix": [-1,0,0,0,0,0,1,0,0,1,0,0,0,2.50155,0,1],
            "visible": true,
            "type": "Object",
            "children": []
        }],
        "uuid": "5D39D7A5-093A-42BF-B122-CC82C5766E1B",
        "type": "Scene"
    },
    "textures": [{
        "minFilter": 1008,
        "wrap": [1000,1000],
        "magFilter": 1006,
        "anisotropy": 1,
        "uuid": "4217CCBC-75E5-3FD5-8D4D-624D1C6A895D",
        "name": "AfricanEbonyBoards_ColorMap_png",
        "mapping": 300,
        "repeat": [1,1],
        "image": "B629A64E-CAE6-356A-ABAF-2CC7938C64C1"
    }],
    "metadata": {
        "generator": "io_three",
        "type": "Object",
        "version": 4.4
    },
    "materials": [{
        "blending": "NormalBlending",
        "side": 2,
        "name": "Wood",
        "map": "4217CCBC-75E5-3FD5-8D4D-624D1C6A895D",
        "emissive": 0,
        "color": 16777215,
        "depthWrite": true,
        "ambient": 16777215,
        "uuid": "F774E590-206B-3BC1-8D93-74EA16BB249F",
        "type": "MeshPhongMaterial",
        "shininess": 5,
        "vertexColors": false,
        "specular": 197121,
        "depthTest": true
    }]
}