{
    "images": [{
        "name": "Bild_Wohnzimmer.JPG.001",
        "uuid": "8D36ABC6-DB15-31B8-B12E-819B8D0C1F75",
        "url": "Bild_Wohnzimmer.JPG"
    },{
        "name": "Bild_Wohnzimmer.JPG.001",
        "uuid": "8D36ABC6-DB15-31B8-B12E-819B8D0C1F75",
        "url": "Bild_Wohnzimmer.JPG"
    },{
        "name": "Bild_Wohnzimmer.JPG",
        "uuid": "C172C40B-E3A4-3F3C-AE90-38CF9AAE4E8D",
        "url": "Bild_Wohnzimmer.JPG"
    }],
    "metadata": {
        "generator": "io_three",
        "version": 4.4,
        "type": "Object"
    },
    "animations": [{
        "name": "default",
        "fps": 29,
        "tracks": []
    }],
    "geometries": [{
        "data": {
            "normals": [0.577349,-0.577349,0.577349,0.577349,-0.577349,-0.577349,0.577349,0.577349,-0.577349,0.577349,0.577349,0.577349,-0.577349,0.577349,0.577349,-0.577349,0.577349,-0.577349,-0.577349,-0.577349,-0.577349,-0.577349,-0.577349,0.577349],
            "skinWeights": [],
            "bones": [],
            "faces": [43,0,2,3,1,0,0,1,2,3,0,1,2,3,43,4,6,7,5,0,0,1,2,3,4,5,6,7,43,0,1,4,5,0,2,3,0,1,0,3,4,7,43,7,6,3,2,0,0,1,2,3,6,5,2,1,43,2,0,5,7,0,2,3,0,1,1,0,7,6,43,1,3,6,4,0,0,1,2,3,3,2,5,4],
            "name": "Leinwand2Geometry",
            "metadata": {
                "normals": 8,
                "generator": "io_three",
                "bones": 0,
                "version": 3,
                "uvs": 1,
                "vertices": 8,
                "morphTargets": 0,
                "faces": 6,
                "materials": 1
            },
            "uvs": [[0,1,0,0,1,0,1,1]],
            "influencesPerVertex": 2,
            "skinIndices": [],
            "vertices": [3,-3,0.09,3,3,0.09,3,-3,-0.09,3,3,-0.09,-3,3,0.09,-3,-3,0.09,-3,3,-0.09,-3,-3,-0.09],
            "morphTargets": [],
            "animations": []
        },
        "materials": [{
            "depthWrite": true,
            "colorAmbient": [0.976471,0.976471,0.976471],
            "DbgColor": 15658734,
            "colorSpecular": [0.1,0.1,0.1],
            "doubleSided": true,
            "visible": true,
            "depthTest": true,
            "transparent": false,
            "shading": "phong",
            "DbgName": "Weiss",
            "colorEmissive": [0,0,0],
            "DbgIndex": 0,
            "wireframe": false,
            "opacity": 1,
            "specularCoef": 5,
            "colorDiffuse": [0.976471,0.976471,0.976471],
            "blending": "NormalBlending"
        }],
        "uuid": "779C4CA9-00A5-399F-991C-046E5BDADE8C",
        "type": "Geometry"
    },{
        "data": {
            "normals": [0.705405,-0.705435,0.068697,0.577349,-0.577349,-0.577349,0.577349,0.577349,-0.577349,0.705405,0.705435,0.068697,-0.705405,0.705435,0.068697,-0.577349,0.577349,-0.577349,-0.577349,-0.577349,-0.577349,-0.705405,-0.705435,0.068697,-0.074862,0.074862,0.994354,-0.074862,-0.074862,0.994354,0.074862,-0.074862,0.994354,0.074862,0.074862,0.994354,-0.672414,-0.672445,0.309214,-0.672414,0.672445,0.309214,-0.534471,-0.534471,0.654683,-0.534471,0.534471,0.654683,-0.293344,-0.293313,0.909879,-0.293344,0.293313,0.909879,0.672414,-0.672445,0.309214,0.534471,-0.534471,0.654683,0.293344,-0.293313,0.909879,0.672414,0.672445,0.309214,0.534471,0.534471,0.654683,0.293344,0.293313,0.909879],
            "skinWeights": [],
            "bones": [],
            "faces": [43,0,2,3,1,0,0,1,2,3,0,1,2,3,43,4,6,7,5,0,0,1,2,3,4,5,6,7,43,9,8,10,11,0,4,5,6,7,8,9,10,11,43,7,6,3,2,0,0,1,2,3,6,5,2,1,43,2,0,5,7,0,2,3,0,1,1,0,7,6,43,1,3,6,4,0,0,1,2,3,3,2,5,4,43,4,5,13,12,0,1,1,1,1,4,7,12,13,43,12,13,15,14,0,8,9,10,11,13,12,14,15,43,14,15,17,16,0,11,10,12,13,15,14,16,17,43,16,17,8,9,0,13,12,5,4,17,16,9,8,43,5,0,18,13,0,1,1,1,1,7,0,18,12,43,13,18,19,15,0,9,14,15,10,12,18,19,14,43,15,19,20,17,0,10,15,16,12,14,19,20,16,43,17,20,10,8,0,12,16,6,5,16,20,10,9,43,0,1,21,18,0,1,1,1,1,0,3,21,18,43,18,21,22,19,0,14,17,18,15,18,21,22,19,43,19,22,23,20,0,15,18,19,16,19,22,23,20,43,20,23,11,10,0,16,19,7,6,20,23,11,10,43,1,4,12,21,0,1,1,1,1,3,4,13,21,43,21,12,14,22,0,17,8,11,18,21,13,15,22,43,22,14,16,23,0,18,11,13,19,22,15,17,23,43,23,16,9,11,0,19,13,4,7,23,17,8,11],
            "name": "Leinwand1Geometry",
            "metadata": {
                "normals": 24,
                "generator": "io_three",
                "bones": 0,
                "version": 3,
                "uvs": 1,
                "vertices": 24,
                "morphTargets": 0,
                "faces": 22,
                "materials": 1
            },
            "uvs": [[0,1,0,0,1,0,1,1,0.00256,0.998172,0.00256,0.001828,0.99744,0.001828,0.99744,0.998172,-9.3e-05,1.00007,-9.3e-05,-6.7e-05,0.000437,0.000312,0.000437,0.999688,0.001322,0.000944,0.001322,0.999056,1.00009,-6.7e-05,0.999563,0.000312,0.998678,0.000944,1.00009,1.00007,0.999563,0.999688,0.998678,0.999056]],
            "influencesPerVertex": 2,
            "skinIndices": [],
            "vertices": [2.5,-3.5,0.0005,2.5,3.5,0.0005,2.5,-3.5,-0.0005,2.5,3.5,-0.0005,-2.5,3.5,0.0005,-2.5,-3.5,0.0005,-2.5,3.5,-0.0005,-2.5,-3.5,-0.0005,-2.48586,-3.48586,0.0205,-2.48586,3.48586,0.0205,2.48586,-3.48586,0.0205,2.48586,3.48586,0.0205,-2.49912,3.49912,0.00925,-2.49912,-3.49912,0.00925,-2.49646,3.49646,0.0155,-2.49646,-3.49646,0.0155,-2.49205,3.49205,0.01925,-2.49205,-3.49205,0.01925,2.49912,-3.49912,0.00925,2.49646,-3.49646,0.0155,2.49205,-3.49205,0.01925,2.49912,3.49912,0.00925,2.49646,3.49646,0.0155,2.49205,3.49205,0.01925],
            "morphTargets": [],
            "animations": []
        },
        "materials": [{
            "colorAmbient": [1,1,1],
            "DbgColor": 15658734,
            "mapDiffuseRepeat": [1,1],
            "mapSpecular": "Bild_Wohnzimmer.JPG",
            "shading": "phong",
            "mapSpecularAnisotropy": 1,
            "colorEmissive": [0,0,0],
            "mapSpecularRepeat": [1,1],
            "DbgIndex": 0,
            "colorDiffuse": [1,1,1],
            "wireframe": false,
            "depthWrite": true,
            "mapDiffuseAnisotropy": 1,
            "colorSpecular": [0.1,0.1,0.1],
            "mapDiffuse": "Bild_Wohnzimmer.JPG",
            "doubleSided": true,
            "visible": true,
            "depthTest": true,
            "transparent": false,
            "mapDiffuseWrap": ["RepeatWrapping","RepeatWrapping"],
            "mapSpecularWrap": ["RepeatWrapping","RepeatWrapping"],
            "DbgName": "Bild_Wohnzimmer",
            "blending": "NormalBlending",
            "specularCoef": 5,
            "opacity": 1
        }],
        "uuid": "BE01863D-11D7-348C-A478-88DA52AC612C",
        "type": "Geometry"
    },{
        "data": {
            "normals": [0.705405,-0.705405,0.068728,0.577349,-0.577349,-0.577349,0.577349,0.577349,-0.577349,0.705405,0.705405,0.068728,-0.705405,0.705405,0.068728,-0.577349,0.577349,-0.577349,-0.577349,-0.577349,-0.577349,-0.705405,-0.705405,0.068728,-0.074862,0.074862,0.994354,-0.074862,-0.074862,0.994354,0.074862,-0.074862,0.994354,0.074862,0.074862,0.994354,-0.672414,-0.672445,0.309244,-0.672414,0.672445,0.309244,-0.534471,-0.534471,0.654683,-0.534471,0.534471,0.654683,-0.293344,-0.293344,0.909879,-0.293344,0.293344,0.909879,0.672414,-0.672445,0.309244,0.534471,-0.534471,0.654683,0.293344,-0.293344,0.909879,0.672414,0.672445,0.309244,0.534471,0.534471,0.654683,0.293344,0.293344,0.909879],
            "skinWeights": [],
            "bones": [],
            "faces": [43,0,2,3,1,0,0,1,2,3,0,1,2,3,43,4,6,7,5,0,0,1,2,3,4,5,6,7,43,9,8,10,11,0,4,5,6,7,8,9,10,11,43,7,6,3,2,0,0,1,2,3,6,5,2,1,43,2,0,5,7,0,2,3,0,1,1,0,7,6,43,1,3,6,4,0,0,1,2,3,3,2,5,4,43,4,5,13,12,0,1,1,1,1,4,7,12,13,43,12,13,15,14,0,8,9,10,11,13,12,14,15,43,14,15,17,16,0,11,10,12,13,15,14,16,17,43,16,17,8,9,0,13,12,5,4,17,16,9,8,43,5,0,18,13,0,1,1,1,1,7,0,18,12,43,13,18,19,15,0,9,14,15,10,12,18,19,14,43,15,19,20,17,0,10,15,16,12,14,19,20,16,43,17,20,10,8,0,12,16,6,5,16,20,10,9,43,0,1,21,18,0,1,1,1,1,0,3,21,18,43,18,21,22,19,0,14,17,18,15,18,21,22,19,43,19,22,23,20,0,15,18,19,16,19,22,23,20,43,20,23,11,10,0,16,19,7,6,20,23,11,10,43,1,4,12,21,0,1,1,1,1,3,4,13,21,43,21,12,14,22,0,17,8,11,18,21,13,15,22,43,22,14,16,23,0,18,11,13,19,22,15,17,23,43,23,16,9,11,0,19,13,4,7,23,17,8,11],
            "name": "LeinwandGeometry",
            "metadata": {
                "normals": 24,
                "generator": "io_three",
                "bones": 0,
                "version": 3,
                "uvs": 1,
                "vertices": 24,
                "morphTargets": 0,
                "faces": 22,
                "materials": 1
            },
            "uvs": [[0,1,0,0,1,0,1,1,0.002208,0.997792,0.002208,0.002208,0.997792,0.002208,0.997792,0.997792,-3e-06,1,-3e-06,-3e-06,0.000439,0.000439,0.000439,0.999561,0.001176,0.001176,0.001176,0.998824,1,-3e-06,0.999561,0.000439,0.998824,0.001176,1,1,0.999561,0.999561,0.998824,0.998824]],
            "influencesPerVertex": 2,
            "skinIndices": [],
            "vertices": [3,-3,0.0005,3,3,0.0005,3,-3,-0.0005,3,3,-0.0005,-3,3,0.0005,-3,-3,0.0005,-3,3,-0.0005,-3,-3,-0.0005,-2.98586,-2.98586,0.0205,-2.98586,2.98586,0.0205,2.98586,-2.98586,0.0205,2.98586,2.98586,0.0205,-2.99912,2.99912,0.00925,-2.99912,-2.99912,0.00925,-2.99646,2.99646,0.0155,-2.99646,-2.99646,0.0155,-2.99205,2.99205,0.01925,-2.99205,-2.99205,0.01925,2.99912,-2.99912,0.00925,2.99646,-2.99646,0.0155,2.99205,-2.99205,0.01925,2.99912,2.99912,0.00925,2.99646,2.99646,0.0155,2.99205,2.99205,0.01925],
            "morphTargets": [],
            "animations": []
        },
        "materials": [{
            "colorAmbient": [1,1,1],
            "DbgColor": 15658734,
            "mapDiffuseRepeat": [1,1],
            "mapSpecular": "Bild_Wohnzimmer.JPG",
            "shading": "phong",
            "mapSpecularAnisotropy": 1,
            "colorEmissive": [0,0,0],
            "mapSpecularRepeat": [1,1],
            "DbgIndex": 0,
            "colorDiffuse": [1,1,1],
            "wireframe": false,
            "depthWrite": true,
            "mapDiffuseAnisotropy": 1,
            "colorSpecular": [0.1,0.1,0.1],
            "mapDiffuse": "Bild_Wohnzimmer.JPG",
            "doubleSided": true,
            "visible": true,
            "depthTest": true,
            "transparent": false,
            "mapDiffuseWrap": ["RepeatWrapping","RepeatWrapping"],
            "mapSpecularWrap": ["RepeatWrapping","RepeatWrapping"],
            "DbgName": "Bild_Schlafzimmer",
            "blending": "NormalBlending",
            "specularCoef": 5,
            "opacity": 1
        }],
        "uuid": "C0702B8F-5811-3430-9C03-318EF0D5A666",
        "type": "Geometry"
    },{
        "data": {
            "normals": [0.577349,-0.577349,0.577349,0.577349,-0.577349,-0.577349,0.577349,0.577349,-0.577349,0.577349,0.577349,0.577349,-0.577349,0.577349,0.577349,-0.577349,0.577349,-0.577349,-0.577349,-0.577349,-0.577349,-0.577349,-0.577349,0.577349,0,-0.707083,-0.707083,0,-0.707083,0.707083,0,0.707083,-0.707083,0,0.707083,0.707083,-0.707083,0.707083,0,-0.707083,-0.707083,0,0.707083,0.707083,0,0.707083,-0.707083,0,-0.707083,0,-0.707083,-0.707083,0,0.707083,0.707083,0,-0.707083,0.707083,0,0.707083],
            "skinWeights": [],
            "bones": [],
            "faces": [43,0,1,2,3,0,0,1,2,3,0,1,2,3,43,4,5,6,7,0,0,1,2,3,4,5,6,7,43,8,9,10,11,0,0,1,2,3,6,5,2,1,43,12,13,14,15,0,0,1,2,3,7,6,1,0,43,16,17,18,19,0,0,1,2,3,3,2,5,4,43,23,22,21,20,0,3,2,1,0,4,5,6,7,43,27,26,25,24,0,3,2,1,0,0,1,2,3,43,31,30,29,28,0,3,2,1,0,0,3,4,7,43,35,34,33,32,0,3,2,1,0,3,2,5,4,43,39,38,37,36,0,3,2,1,0,7,6,1,0,43,20,21,41,40,0,1,1,1,1,7,6,8,9,43,1,0,40,41,0,1,1,1,1,1,0,9,8,43,21,22,42,41,0,1,1,1,1,6,5,10,8,43,41,42,2,1,0,1,1,1,1,8,10,2,1,43,22,23,43,42,0,1,1,1,1,5,4,11,10,43,42,43,3,2,0,1,1,1,1,10,11,3,2,43,23,20,40,43,0,1,1,1,1,4,7,9,11,43,0,3,43,40,0,1,1,1,1,0,3,11,9,43,24,25,45,44,0,1,1,1,1,3,2,10,11,43,44,45,5,4,0,1,1,1,1,11,10,5,4,43,25,26,46,45,0,1,1,1,1,2,1,8,10,43,45,46,6,5,0,1,1,1,1,10,8,6,5,43,26,27,47,46,0,1,1,1,1,1,0,9,8,43,46,47,7,6,0,1,1,1,1,8,9,7,6,43,27,24,44,47,0,1,1,1,1,0,3,11,9,43,47,44,4,7,0,1,1,1,1,9,11,4,7,43,28,29,49,48,0,1,1,1,1,7,4,12,13,43,48,49,9,8,0,1,1,1,1,13,12,5,6,43,29,30,50,49,0,1,1,1,1,4,3,14,12,43,49,50,10,9,0,1,1,1,1,12,14,2,5,43,30,31,51,50,0,1,1,1,1,3,0,15,14,43,50,51,11,10,0,1,1,1,1,14,15,1,2,43,31,28,48,51,0,1,1,1,1,0,7,13,15,43,51,48,8,11,0,1,1,1,1,15,13,6,1,43,32,33,53,52,0,1,1,1,1,4,5,16,17,43,52,53,13,12,0,1,1,1,1,17,16,6,7,43,33,34,54,53,0,1,1,1,1,5,2,18,16,43,53,54,14,13,0,1,1,1,1,16,18,1,6,43,34,35,55,54,0,1,1,1,1,2,3,19,18,43,54,55,15,14,0,1,1,1,1,18,19,0,1,43,35,32,52,55,0,1,1,1,1,3,4,17,19,43,55,52,12,15,0,1,1,1,1,19,17,7,0,43,36,37,57,56,0,1,1,1,1,0,1,18,19,43,56,57,17,16,0,1,1,1,1,19,18,2,3,43,37,38,58,57,0,1,1,1,1,1,6,16,18,43,57,58,18,17,0,1,1,1,1,18,16,5,2,43,38,39,59,58,0,1,1,1,1,6,7,17,16,43,58,59,19,18,0,1,1,1,1,16,17,4,5,43,39,36,56,59,0,1,1,1,1,7,0,19,17,43,59,56,16,19,0,1,1,1,1,17,19,3,4],
            "name": "RahmenGeometry",
            "metadata": {
                "normals": 20,
                "generator": "io_three",
                "bones": 0,
                "version": 3,
                "uvs": 1,
                "vertices": 60,
                "morphTargets": 0,
                "faces": 50,
                "materials": 1
            },
            "uvs": [[0,1,0,0,1,0,1,1]],
            "influencesPerVertex": 2,
            "skinIndices": [],
            "vertices": [3.1,-3.1,0.1,3.1,-3.1,-0.1,3.1,3.1,-0.1,3.1,3.1,0.1,-3.1,3.1,0.1,-3.1,3.1,-0.1,-3.1,-3.1,-0.1,-3.1,-3.1,0.1,-3.1,-3.1,-0.1,-3.1,3.1,-0.1,3.1,3.1,-0.1,3.1,-3.1,-0.1,-3.1,-3.1,0.1,-3.1,-3.1,-0.1,3.1,-3.1,-0.1,3.1,-3.1,0.1,3.1,3.1,0.1,3.1,3.1,-0.1,-3.1,3.1,-0.1,-3.1,3.1,0.1,3.04,-3.1,0.1,3.04,-3.1,-0.1,3.04,3.1,-0.1,3.04,3.1,0.1,-3.04,3.1,0.1,-3.04,3.1,-0.1,-3.04,-3.1,-0.1,-3.04,-3.1,0.1,-3.1,-3.1,-0.04,-3.1,3.1,-0.04,3.1,3.1,-0.04,3.1,-3.1,-0.04,-3.1,-3.04,0.1,-3.1,-3.04,-0.1,3.1,-3.04,-0.1,3.1,-3.04,0.1,3.1,3.04,0.1,3.1,3.04,-0.1,-3.1,3.04,-0.1,-3.1,3.04,0.1,3.07,-3.1,0.1,3.07,-3.1,-0.1,3.07,3.1,-0.1,3.07,3.1,0.1,-3.07,3.1,0.1,-3.07,3.1,-0.1,-3.07,-3.1,-0.1,-3.07,-3.1,0.1,-3.1,-3.1,-0.07,-3.1,3.1,-0.07,3.1,3.1,-0.07,3.1,-3.1,-0.07,-3.1,-3.07,0.1,-3.1,-3.07,-0.1,3.1,-3.07,-0.1,3.1,-3.07,0.1,3.1,3.07,0.1,3.1,3.07,-0.1,-3.1,3.07,-0.1,-3.1,3.07,0.1],
            "morphTargets": [],
            "animations": []
        },
        "materials": [{
            "depthWrite": true,
            "colorAmbient": [0.937255,0.937255,0.937255],
            "DbgColor": 15658734,
            "colorSpecular": [0.099608,0.097255,0.097255],
            "doubleSided": true,
            "visible": true,
            "depthTest": true,
            "transparent": false,
            "shading": "phong",
            "DbgName": "Rahmen",
            "colorEmissive": [0,0,0],
            "DbgIndex": 0,
            "wireframe": false,
            "opacity": 1,
            "specularCoef": 5,
            "colorDiffuse": [0.937255,0.937255,0.937255],
            "blending": "NormalBlending"
        }],
        "uuid": "9E3B4E7A-01B8-37D7-8D74-C833388BA485",
        "type": "Geometry"
    },{
        "data": {
            "normals": [0.577349,-0.577349,0.577349,0.577349,-0.577349,-0.577349,0.577349,0.577349,-0.577349,0.577349,0.577349,0.577349,-0.577349,0.577349,0.577349,-0.577349,0.577349,-0.577349,-0.577349,-0.577349,-0.577349,-0.577349,-0.577349,0.577349],
            "skinWeights": [],
            "bones": [],
            "faces": [43,0,2,3,1,0,0,1,2,3,0,1,2,3,43,4,6,7,5,0,0,1,2,3,4,5,6,7,43,0,1,4,5,0,2,3,0,1,0,3,4,7,43,7,6,3,2,0,0,1,2,3,6,5,2,1,43,2,0,5,7,0,2,3,0,1,1,0,7,6,43,1,3,6,4,0,0,1,2,3,3,2,5,4],
            "name": "Leinwand3Geometry",
            "metadata": {
                "normals": 8,
                "generator": "io_three",
                "bones": 0,
                "version": 3,
                "uvs": 1,
                "vertices": 8,
                "morphTargets": 0,
                "faces": 6,
                "materials": 1
            },
            "uvs": [[0,1,0,0,1,0,1,1]],
            "influencesPerVertex": 2,
            "skinIndices": [],
            "vertices": [2.5,-3.5,0.09,2.5,3.5,0.09,2.5,-3.5,-0.09,2.5,3.5,-0.09,-2.5,3.5,0.09,-2.5,-3.5,0.09,-2.5,3.5,-0.09,-2.5,-3.5,-0.09],
            "morphTargets": [],
            "animations": []
        },
        "materials": [{
            "depthWrite": true,
            "colorAmbient": [0.976471,0.976471,0.976471],
            "DbgColor": 15658734,
            "colorSpecular": [0.1,0.1,0.1],
            "doubleSided": true,
            "visible": true,
            "depthTest": true,
            "transparent": false,
            "shading": "phong",
            "DbgName": "Weiss",
            "colorEmissive": [0,0,0],
            "DbgIndex": 0,
            "wireframe": false,
            "opacity": 1,
            "specularCoef": 5,
            "colorDiffuse": [0.976471,0.976471,0.976471],
            "blending": "NormalBlending"
        }],
        "uuid": "679B2052-D800-378B-83E0-1A997C52C34C",
        "type": "Geometry"
    }],
    "textures": [{
        "repeat": [1,1],
        "anisotropy": 1,
        "wrap": [1000,1000],
        "image": "8D36ABC6-DB15-31B8-B12E-819B8D0C1F75",
        "name": "Bild_Schlafzimmer_JPG",
        "magFilter": 1006,
        "mapping": 300,
        "minFilter": 1008,
        "uuid": "DB3BC930-017A-35AA-B77C-24CED5CBECF5"
    },{
        "repeat": [1,1],
        "anisotropy": 1,
        "wrap": [1000,1000],
        "image": "8D36ABC6-DB15-31B8-B12E-819B8D0C1F75",
        "name": "Bild_Schlafzimmer_JPG",
        "magFilter": 1006,
        "mapping": 300,
        "minFilter": 1008,
        "uuid": "DB3BC930-017A-35AA-B77C-24CED5CBECF5"
    },{
        "repeat": [1,1],
        "anisotropy": 1,
        "wrap": [1000,1000],
        "image": "C172C40B-E3A4-3F3C-AE90-38CF9AAE4E8D",
        "name": "Bild_Wohnzimmer_JPG",
        "magFilter": 1006,
        "mapping": 300,
        "minFilter": 1008,
        "uuid": "BBA8A7A2-F134-3FCC-96D0-22BF6A8873E5"
    },{
        "repeat": [1,1],
        "anisotropy": 1,
        "wrap": [1000,1000],
        "image": "C172C40B-E3A4-3F3C-AE90-38CF9AAE4E8D",
        "name": "Bild_Wohnzimmer_JPG",
        "magFilter": 1006,
        "mapping": 300,
        "minFilter": 1008,
        "uuid": "BBA8A7A2-F134-3FCC-96D0-22BF6A8873E5"
    }],
    "object": {
        "children": [{
            "name": "Leinwand",
            "uuid": "F247B778-742B-37D7-BAF4-6771C7C797F5",
            "matrix": [-1,0,0,0,0,1,-0,0,0,-0,-1,0,-2.8389,0,-0.0903,1],
            "visible": true,
            "type": "Mesh",
            "material": "4B726A0D-A363-3190-B3C5-A475A8311B75",
            "castShadow": true,
            "receiveShadow": true,
            "geometry": "C0702B8F-5811-3430-9C03-318EF0D5A666"
        },{
            "name": "Leinwand1",
            "uuid": "752CE26D-33C1-3035-BB1F-E1817030A187",
            "matrix": [-1,0,0,0,0,1,-0,0,0,-0,-1,0,4.1292,0,0,1],
            "visible": true,
            "type": "Mesh",
            "material": "C369B676-C00C-3600-B466-AC237A8A5F88",
            "castShadow": true,
            "receiveShadow": true,
            "geometry": "BE01863D-11D7-348C-A478-88DA52AC612C"
        },{
            "name": "Leinwand2",
            "uuid": "5E034014-1DA0-3050-B34C-8BBD04ECB915",
            "matrix": [-1,0,0,0,0,1,-0,0,0,-0,-1,0,-2.8389,0,0,1],
            "visible": true,
            "type": "Mesh",
            "material": "74979BC0-FFD9-3E8E-8F2D-0881C53C7366",
            "castShadow": true,
            "receiveShadow": true,
            "geometry": "779C4CA9-00A5-399F-991C-046E5BDADE8C"
        },{
            "name": "Leinwand3",
            "uuid": "9312F0F4-E22D-35AA-A52F-70145BA73630",
            "matrix": [-1,0,0,0,0,1,-0,0,0,-0,-1,0,4.1292,0,0.0906,1],
            "visible": true,
            "type": "Mesh",
            "material": "74979BC0-FFD9-3E8E-8F2D-0881C53C7366",
            "castShadow": true,
            "receiveShadow": true,
            "geometry": "679B2052-D800-378B-83E0-1A997C52C34C"
        },{
            "name": "Rahmen",
            "uuid": "3A171BF3-3975-31A6-8EBD-9ECD041A9319",
            "matrix": [-1,0,0,0,0,1,-0,0,0,-0,-1,0,-2.845,0,0,1],
            "visible": true,
            "type": "Mesh",
            "material": "3A171BF3-3975-31A6-8EBD-9ECD041A9319",
            "castShadow": true,
            "receiveShadow": true,
            "geometry": "9E3B4E7A-01B8-37D7-8D74-C833388BA485"
        }],
        "matrix": [1,0,0,0,0,1,0,0,0,0,1,0,0,0,0,1],
        "uuid": "C447E306-927C-4682-933B-8B8E545D1678",
        "type": "Scene"
    },
    "materials": [{
        "depthWrite": true,
        "vertexColors": false,
        "name": "Bild_Schlafzimmer",
        "shininess": 5,
        "ambient": 16777215,
        "specularMap": "DB3BC930-017A-35AA-B77C-24CED5CBECF5",
        "depthTest": true,
        "color": 16777215,
        "emissive": 0,
        "map": "DB3BC930-017A-35AA-B77C-24CED5CBECF5",
        "uuid": "4B726A0D-A363-3190-B3C5-A475A8311B75",
        "side": 2,
        "specular": 1644825,
        "type": "MeshPhongMaterial",
        "blending": "NormalBlending"
    },{
        "depthWrite": true,
        "vertexColors": false,
        "name": "Bild_Wohnzimmer",
        "shininess": 5,
        "ambient": 16777215,
        "specularMap": "BBA8A7A2-F134-3FCC-96D0-22BF6A8873E5",
        "depthTest": true,
        "color": 16777215,
        "emissive": 0,
        "map": "BBA8A7A2-F134-3FCC-96D0-22BF6A8873E5",
        "uuid": "C369B676-C00C-3600-B466-AC237A8A5F88",
        "side": 2,
        "specular": 1644825,
        "type": "MeshPhongMaterial",
        "blending": "NormalBlending"
    },{
        "depthWrite": true,
        "vertexColors": false,
        "name": "Rahmen",
        "shininess": 5,
        "ambient": 15724527,
        "depthTest": true,
        "color": 15724527,
        "emissive": 0,
        "uuid": "3A171BF3-3975-31A6-8EBD-9ECD041A9319",
        "side": 2,
        "specular": 1644568,
        "type": "MeshPhongMaterial",
        "blending": "NormalBlending"
    },{
        "depthWrite": true,
        "vertexColors": false,
        "name": "Weiss",
        "shininess": 5,
        "ambient": 16382457,
        "depthTest": true,
        "color": 16382457,
        "emissive": 0,
        "uuid": "74979BC0-FFD9-3E8E-8F2D-0881C53C7366",
        "side": 2,
        "specular": 1644825,
        "type": "MeshPhongMaterial",
        "blending": "NormalBlending"
    }]
}