{
    "animations": [{
        "fps": 29,
        "tracks": [],
        "name": "default"
    }],
    "materials": [{
        "side": 2,
        "depthWrite": true,
        "ambient": 8355711,
        "name": "Silver_Paint_01",
        "type": "MeshPhongMaterial",
        "shininess": 5,
        "uuid": "C1640D10-0814-32A4-8F92-BCAF867E6306",
        "blending": "NormalBlending",
        "specular": 8355711,
        "depthTest": true,
        "color": 8355711,
        "vertexColors": false,
        "emissive": 0
    },{
        "side": 2,
        "depthWrite": true,
        "ambient": 8355711,
        "name": "Wood_05",
        "type": "MeshPhongMaterial",
        "shininess": 5,
        "uuid": "1F591D5E-6483-3019-9A7E-D9583AFDA2DE",
        "blending": "NormalBlending",
        "specular": 8355711,
        "depthTest": true,
        "color": 8355711,
        "vertexColors": false,
        "emissive": 0
    }],
    "object": {
        "children": [{
            "name": "3DSMesh_6_6",
            "uuid": "A7C69502-CE18-34AA-A483-D28382C598EB",
            "matrix": [-1,0,0,0,0,0,1,0,0,1,0,0,0,0,0,1],
            "visible": true,
            "type": "Mesh",
            "material": "1F591D5E-6483-3019-9A7E-D9583AFDA2DE",
            "castShadow": true,
            "receiveShadow": true,
            "geometry": "94B8A18D-7FEC-3DCD-A416-59E41600C040"
        },{
            "name": "3DSMesh_7_6",
            "uuid": "DCB92229-D870-3EFF-858B-66F1CB049A30",
            "matrix": [-1,0,0,0,0,0,1,0,0,1,0,0,0,0,0,1],
            "visible": true,
            "type": "Mesh",
            "material": "C1640D10-0814-32A4-8F92-BCAF867E6306",
            "castShadow": true,
            "receiveShadow": true,
            "geometry": "158469AE-1DCA-365C-A2C3-592B15A70545"
        },{
            "name": "3DSMesh_8_6",
            "uuid": "3CD1EFCA-BC52-3216-8311-7ADF4D15796B",
            "matrix": [-1,0,0,0,0,0,1,0,0,1,0,0,0,0,0,1],
            "visible": true,
            "type": "Mesh",
            "material": "1F591D5E-6483-3019-9A7E-D9583AFDA2DE",
            "castShadow": true,
            "receiveShadow": true,
            "geometry": "26F4EE63-9D34-3643-AC79-DDB821CDB422"
        }
        ],
        "uuid": "15C23C91-1C6A-4CF8-BD9F-10DA755B2417",
        "matrix": [1,0,0,0,0,1,0,0,0,0,1,0,0,0,0,1],
        "type": "Scene"
    },
    "images": [],
    "geometries": [{
        "materials": [{
            "specularCoef": 50,
            "DbgColor": 15658734,
            "DbgName": "Wood_05",
            "depthWrite": true,
            "colorDiffuse": [0.498039,0.498039,0.498039],
            "doubleSided": true,
            "colorAmbient": [0.498039,0.498039,0.498039],
            "blending": "NormalBlending",
            "opacity": 1,
            "colorEmissive": [0,0,0],
            "visible": true,
            "colorSpecular": [0.5,0.5,0.5],
            "shading": "phong",
            "wireframe": false,
            "transparent": false,
            "depthTest": true,
            "DbgIndex": 0
        }],
        "uuid": "26F4EE63-9D34-3643-AC79-DDB821CDB422",
        "data": {
            "animations": [],
            "skinWeights": [],
            "name": "3DSMesh_8_6Geometry",
            "vertices": [-1.01151,0.766508,0.704762,-1.01151,0.766508,0.709191,-1.01151,-0.624289,0.709191,-1.01151,-0.624289,0.704762,-1.01051,-0.624289,0.703762,0.380289,-0.624289,0.703762,0.380289,0.766508,0.703762,-1.01051,0.766508,0.703762,0.380289,0.767508,0.704762,0.380289,0.767508,0.709191,-1.01051,0.767508,0.709191,-1.01051,0.767508,0.704762,0.380289,-0.625289,0.704762,-1.01051,-0.625289,0.704762,-1.01051,-0.625289,0.709191,0.380289,-0.625289,0.709191,0.381289,0.766508,0.704762,0.381289,-0.624289,0.704762,0.381289,-0.624289,0.709191,0.381289,0.766508,0.709191,-1.01051,-0.624289,0.710191,-1.01051,0.766508,0.710191,0.380289,0.766508,0.710191,0.380289,-0.624289,0.710191],
            "morphTargets": [],
            "uvs": [[0.868188,0.660368,0.868188,0.662583,0.17279,0.662583,0.17279,0.660368,0.86965,0.17279,1.56505,0.17279,1.56505,0.868188,0.86965,0.868188,0.565048,0.660368,0.565048,0.662583,-0.13035,0.662583,-0.13035,0.660368,0.17279,0.659868,0.17229,0.660368,0.565048,0.663083,0.565548,0.662583,0.86915,0.17279,0.86965,0.17229,0.565048,0.659868,0.565548,0.660368,0.868188,0.663083,0.868688,0.662583,0.868188,0.659868,0.868688,0.660368,1.56555,0.17279,1.56555,0.868188,1.56505,0.17229,0.17229,0.662583,0.17279,0.663083,-0.13035,0.659868,0.86915,0.868188,-0.13085,0.660368,-0.13085,0.662583,-0.13035,0.663083,1.56505,0.868688,0.86965,0.868688]],
            "metadata": {
                "materials": 1,
                "faces": 44,
                "vertices": 24,
                "morphTargets": 0,
                "bones": 0,
                "uvs": 1,
                "generator": "io_three",
                "normals": 24,
                "version": 3
            },
            "faces": [42,0,1,2,0,0,1,2,0,1,2,42,0,2,3,0,0,2,3,0,2,3,42,4,5,6,0,4,5,6,4,5,6,42,4,6,7,0,4,6,7,4,6,7,42,8,9,10,0,8,9,10,8,9,10,42,8,10,11,0,8,10,11,8,10,11,42,12,13,14,0,8,11,10,12,13,14,42,12,14,15,0,8,10,9,12,14,15,42,16,17,18,0,0,3,2,16,17,18,42,16,18,19,0,0,2,1,16,18,19,42,20,21,22,0,4,7,6,20,21,22,42,20,22,23,0,4,6,5,20,22,23,42,17,5,12,0,3,12,13,17,5,12,42,15,23,18,0,9,14,15,15,23,18,42,4,3,13,0,4,16,17,4,3,13,42,20,14,2,0,4,17,16,20,14,2,42,8,6,16,0,8,18,19,8,6,16,42,19,22,9,0,1,20,21,19,22,9,42,0,7,11,0,0,22,23,0,7,11,42,1,10,21,0,1,21,20,1,10,21,42,6,5,17,0,6,5,24,6,5,17,42,6,17,16,0,6,24,25,6,17,16,42,20,23,15,0,4,5,26,20,23,15,42,20,15,14,0,4,26,17,20,15,14,42,18,17,12,0,2,3,13,18,17,12,42,18,12,15,0,2,13,27,18,12,15,42,0,3,4,0,0,3,12,0,3,4,42,0,4,7,0,0,12,22,0,4,7,42,19,18,23,0,1,2,28,19,18,23,42,19,23,22,0,1,28,20,19,23,22,42,9,8,16,0,9,8,19,9,8,16,42,9,16,19,0,9,19,15,9,16,19,42,1,0,11,0,1,0,23,1,0,11,42,1,11,10,0,1,23,21,1,11,10,42,13,12,5,0,11,8,18,13,12,5,42,13,5,4,0,11,18,29,13,5,4,42,21,20,2,0,7,4,16,21,20,2,42,21,2,1,0,7,16,30,21,2,1,42,14,13,3,0,10,11,31,14,13,3,42,14,3,2,0,10,31,32,14,3,2,42,10,9,22,0,10,9,14,10,9,22,42,10,22,21,0,10,14,33,10,22,21,42,7,6,8,0,7,6,34,7,6,8,42,7,8,11,0,7,34,35,7,8,11],
            "skinIndices": [],
            "influencesPerVertex": 2,
            "normals": [0.875576,-0.341563,0.341563,0.875576,-0.341563,-0.341594,0.875576,0.341563,-0.341594,0.875546,0.341563,0.341624,0.341533,0.341533,0.875576,-0.341563,0.341563,0.875576,-0.341563,-0.341594,0.875576,0.341563,-0.341563,0.875576,-0.341563,-0.875576,0.341563,-0.341563,-0.875576,-0.341563,0.341563,-0.875576,-0.341563,0.341563,-0.875576,0.341594,-0.341563,0.875546,0.341594,0.341563,0.875546,0.341594,0.341594,0.875546,-0.341594,-0.341594,0.875546,-0.341594,-0.875546,-0.341563,0.341594,-0.875576,0.341563,0.341563,-0.875576,0.341563,-0.341563,-0.875546,-0.341594,-0.341563,0.341563,0.341533,-0.875576,0.341563,-0.341563,-0.875576,-0.341563,-0.341594,-0.875576,-0.341563,0.341563,-0.875576],
            "bones": []
        },
        "type": "Geometry"
    },{
        "materials": [{
            "specularCoef": 50,
            "DbgColor": 15658734,
            "DbgName": "Wood_05",
            "depthWrite": true,
            "colorDiffuse": [0.498039,0.498039,0.498039],
            "doubleSided": true,
            "colorAmbient": [0.498039,0.498039,0.498039],
            "blending": "NormalBlending",
            "opacity": 1,
            "colorEmissive": [0,0,0],
            "visible": true,
            "colorSpecular": [0.5,0.5,0.5],
            "shading": "phong",
            "wireframe": false,
            "transparent": false,
            "depthTest": true,
            "DbgIndex": 0
        }],
        "uuid": "94B8A18D-7FEC-3DCD-A416-59E41600C040",
        "data": {
            "animations": [],
            "skinWeights": [],
            "name": "3DSMesh_6_6Geometry",
            "vertices": [0.305889,-0.616764,0.596342,0.305889,-0.60322,0.596342,-0.936107,-0.60322,0.596342,-0.936107,-0.616764,0.596342,0.385394,-0.628393,0.672553,0.385394,-0.551888,0.672553,0.385394,-0.551888,0.048796,0.385394,-0.628393,0.048796,0.384394,-0.550888,0.672553,0.307889,-0.550888,0.672553,0.307889,-0.550888,0.048796,0.384394,-0.550888,0.048796,0.307889,-0.628393,0.047796,0.384394,-0.628393,0.047796,0.384394,-0.551888,0.047796,0.307889,-0.551888,0.047796,0.307889,-0.626979,0.673553,0.307889,-0.553302,0.673553,0.307333,-0.552746,0.673553,0.307333,-0.627535,0.673553,0.306889,-0.551888,0.672553,0.306889,-0.628393,0.672553,0.306889,-0.628393,0.048796,0.306889,-0.551888,0.048796,0.309303,-0.551888,0.673553,0.38298,-0.551888,0.673553,0.383535,-0.551332,0.673553,0.308747,-0.551332,0.673553,0.384394,-0.553302,0.673553,0.384394,-0.626979,0.673553,0.38495,-0.627535,0.673553,0.38495,-0.552747,0.673553,0.38298,-0.628393,0.673553,0.309303,-0.628393,0.673553,0.308747,-0.628949,0.673553,0.383535,-0.628949,0.673553,0.305889,-0.617764,0.672553,0.305889,-0.617764,0.597342,-0.936107,-0.617764,0.597342,-0.936107,-0.617764,0.672553,0.373765,-0.549888,0.597342,0.373765,-0.549888,0.672553,0.373765,0.692107,0.672553,0.373765,0.692107,0.597342,0.305889,-0.60322,0.673553,0.305889,-0.616764,0.673553,-0.936107,-0.616764,0.673553,-0.936107,-0.60322,0.673553,0.372765,-0.550888,0.672553,0.372765,-0.550888,0.597342,0.359221,-0.550888,0.597342,0.359221,-0.550888,0.672553,0.305889,0.745439,0.673553,-0.936107,0.745439,0.673553,-0.936107,0.758983,0.673553,0.305889,0.758983,0.673553,0.359221,-0.549888,0.596342,0.372765,-0.549888,0.596342,0.372765,0.692107,0.596342,0.359221,0.692107,0.596342,-0.937107,-0.60322,0.672553,-0.937107,-0.616764,0.672553,-0.937107,-0.616764,0.597342,-0.937107,-0.60322,0.597342,-1.01561,-0.628393,0.672553,-1.01561,-0.628393,0.048796,-1.01561,-0.551888,0.048796,-1.01561,-0.551888,0.672553,-1.01461,-0.550888,0.672553,-1.01461,-0.550888,0.048796,-0.938107,-0.550888,0.048796,-0.938107,-0.550888,0.672553,-0.937107,-0.551888,0.672553,-0.937107,-0.551888,0.048796,-0.937107,-0.628393,0.048796,-0.937107,-0.628393,0.672553,-1.0132,-0.628393,0.673553,-1.01375,-0.628949,0.673553,-0.938965,-0.628949,0.673553,-0.939521,-0.628393,0.673553,-0.938107,-0.629393,0.672553,-0.938107,-0.629393,0.048796,-1.01461,-0.629393,0.048796,-1.01461,-0.629393,0.672553,-0.938107,-0.626979,0.673553,-0.937551,-0.627535,0.673553,-0.937551,-0.552746,0.673553,-0.938107,-0.553302,0.673553,-1.01461,-0.553302,0.673553,-1.01517,-0.552747,0.673553,-1.01517,-0.627535,0.673553,-1.01461,-0.626979,0.673553,-0.939521,-0.551888,0.673553,-0.938965,-0.551332,0.673553,-1.01375,-0.551332,0.673553,-1.0132,-0.551888,0.673553,-1.00298,-0.550888,0.672553,-0.989439,-0.550888,0.672553,-0.989439,-0.550888,0.597342,-1.00298,-0.550888,0.597342,-1.00398,-0.549888,0.597342,-1.00398,0.692107,0.597342,-1.00398,0.692107,0.672553,-1.00398,-0.549888,0.672553,-0.988439,-0.549888,0.672553,-0.988439,0.692107,0.672553,-0.988439,0.692107,0.597342,-0.988439,-0.549888,0.597342,-1.00298,-0.549888,0.673553,-1.00298,0.692107,0.673553,-0.989439,0.692107,0.673553,-0.989439,-0.549888,0.673553,-1.01461,0.771612,0.7025,-1.01461,0.771612,0.682058,0.384394,0.771612,0.682058,0.384394,0.771612,0.7025,-1.01461,-0.628393,0.7035,-1.01461,0.770612,0.7035,0.384394,0.770612,0.7035,0.384394,-0.628393,0.7035,0.306889,0.745439,0.672553,0.306889,0.758983,0.672553,0.306889,0.758983,0.597342,0.306889,0.745439,0.597342,0.385394,0.770612,0.672553,0.385394,0.770612,0.048796,0.385394,0.694107,0.048796,0.385394,0.694107,0.672553,0.384394,0.693107,0.672553,0.384394,0.693107,0.048796,0.307889,0.693107,0.048796,0.307889,0.693107,0.672553,0.306889,0.694107,0.672553,0.306889,0.694107,0.048796,0.306889,0.770612,0.048796,0.306889,0.770612,0.672553,0.38298,0.770612,0.673553,0.383535,0.771168,0.673553,0.308747,0.771168,0.673553,0.309303,0.770612,0.673553,0.307889,0.771612,0.672553,0.307889,0.771612,0.048796,0.384394,0.771612,0.048796,0.384394,0.771612,0.672553,0.307889,0.769198,0.673553,0.307333,0.769754,0.673553,0.307333,0.694966,0.673553,0.307889,0.695521,0.673553,0.384394,0.695521,0.673553,0.38495,0.694966,0.673553,0.38495,0.769754,0.673553,0.384394,0.769198,0.673553,0.309303,0.694107,0.673553,0.308747,0.693551,0.673553,0.383535,0.693551,0.673553,0.38298,0.694107,0.673553,0.305889,0.759983,0.672553,-0.936107,0.759983,0.672553,-0.936107,0.759983,0.597342,0.305889,0.759983,0.597342,0.305889,0.744439,0.597342,-0.936107,0.744439,0.597342,-0.936107,0.744439,0.672553,0.305889,0.744439,0.672553,0.305889,0.758983,0.596342,-0.936107,0.758983,0.596342,-0.936107,0.745439,0.596342,0.305889,0.745439,0.596342,0.372765,0.693107,0.672553,0.359221,0.693107,0.672553,0.359221,0.693107,0.597342,0.372765,0.693107,0.597342,-1.01561,-0.628393,0.7025,-1.01561,-0.628393,0.682058,-1.01561,0.770612,0.682058,-1.01561,0.770612,0.7025,-0.938107,0.771612,0.672553,-1.01461,0.771612,0.672553,-1.01461,0.771612,0.048796,-0.938107,0.771612,0.048796,0.306889,-0.60322,0.672553,0.306889,-0.60322,0.597342,0.306889,-0.616764,0.597342,0.306889,-0.616764,0.672553,-0.937107,0.745439,0.672553,-0.937107,0.745439,0.597342,-0.937107,0.758983,0.597342,-0.937107,0.758983,0.672553,-1.01561,0.770612,0.672553,-1.01561,0.694107,0.672553,-1.01561,0.694107,0.048796,-1.01561,0.770612,0.048796,-1.01461,0.693107,0.672553,-0.938107,0.693107,0.672553,-0.938107,0.693107,0.048796,-1.01461,0.693107,0.048796,-0.938107,0.770612,0.047796,-1.01461,0.770612,0.047796,-1.01461,0.694107,0.047796,-0.938107,0.694107,0.047796,-0.938107,0.769198,0.673553,-0.938107,0.695521,0.673553,-0.937551,0.694966,0.673553,-0.937551,0.769754,0.673553,-0.937107,0.694107,0.672553,-0.937107,0.770612,0.672553,-0.937107,0.770612,0.048796,-0.937107,0.694107,0.048796,0.307889,0.770612,0.047796,0.307889,0.694107,0.047796,0.384394,0.694107,0.047796,0.384394,0.770612,0.047796,0.307889,-0.629393,0.672553,0.384394,-0.629393,0.672553,0.384394,-0.629393,0.048796,0.307889,-0.629393,0.048796,-0.938107,-0.628393,0.047796,-0.938107,-0.551888,0.047796,-1.01461,-0.551888,0.047796,-1.01461,-0.628393,0.047796,-0.939521,0.694107,0.673553,-1.0132,0.694107,0.673553,-1.01375,0.693551,0.673553,-0.938965,0.693551,0.673553,-1.01461,0.695521,0.673553,-1.01461,0.769198,0.673553,-1.01517,0.769754,0.673553,-1.01517,0.694966,0.673553,-1.0132,0.770612,0.673553,-0.939521,0.770612,0.673553,-0.938965,0.771168,0.673553,-1.01375,0.771168,0.673553,0.372765,-0.549888,0.673553,0.359221,-0.549888,0.673553,0.359221,0.692107,0.673553,0.372765,0.692107,0.673553,-1.00298,0.693107,0.672553,-1.00298,0.693107,0.597342,-0.989439,0.693107,0.597342,-0.989439,0.693107,0.672553,0.358221,-0.549888,0.672553,0.358221,-0.549888,0.597342,0.358221,0.692107,0.597342,0.358221,0.692107,0.672553,0.305889,-0.60222,0.597342,0.305889,-0.60222,0.672553,-0.936107,-0.60222,0.672553,-0.936107,-0.60222,0.597342,-1.01461,-0.628393,0.681059,0.384394,-0.628393,0.681059,0.384394,0.770612,0.681059,-1.01461,0.770612,0.681059,0.385394,-0.628393,0.7025,0.385394,0.770612,0.7025,0.385394,0.770612,0.682058,0.385394,-0.628393,0.682058,-0.989439,-0.549888,0.596342,-0.989439,0.692107,0.596342,-1.00298,0.692107,0.596342,-1.00298,-0.549888,0.596342,0.384394,-0.629393,0.7025,0.384394,-0.629393,0.682058,0.38295,-0.627949,0.674553,0.38395,-0.626949,0.674553,0.309333,-0.552332,0.674553,0.308333,-0.553332,0.674553,0.308333,-0.626949,0.674553,0.309333,-0.627949,0.674553,-1.01461,-0.629393,0.7025,-1.01461,-0.629393,0.682058,-1.01317,-0.552332,0.674553,-1.01417,-0.553332,0.674553,0.38295,0.694551,0.674553,0.38395,0.695551,0.674553,-1.01317,0.770168,0.674553,-1.01417,0.769168,0.674553,-0.939551,0.694551,0.674553,-0.938551,0.695551,0.674553,-0.938551,0.769168,0.674553,-0.939551,0.770168,0.674553,0.38395,-0.553332,0.674553,0.38295,-0.552332,0.674553,-1.01417,0.695551,0.674553,-1.01317,0.694551,0.674553],
            "morphTargets": [],
            "uvs": [[0.527848,0.176552,0.527848,0.183324,-0.09315,0.183324,-0.09315,0.176552,0.637176,0.981061,0.637176,0.933128,0.388283,0.933128,0.388283,0.981061,0.637176,0.484392,0.637176,0.532325,0.388283,0.532325,0.388283,0.484392,0.259177,0.532325,0.259177,0.484392,0.289705,0.484392,0.289705,0.532325,0.259742,0.532325,0.28914,0.532325,0.289362,0.532674,0.25952,0.532674,0.289705,0.531439,0.289705,0.485278,0.289926,0.48493,0.289926,0.531788,0.28914,0.484392,0.259742,0.484392,0.25952,0.484044,0.289362,0.484044,0.259177,0.485278,0.259177,0.531439,0.258956,0.531788,0.258956,0.48493,0.527848,0.644395,0.527848,0.606789,-0.09315,0.606789,-0.09315,0.644395,0.20999,0.606789,0.20999,0.644395,0.830988,0.644395,0.830988,0.606789,0.561286,0.644395,0.561286,0.606789,0.554514,0.606789,0.554514,0.644395,0.527848,0.857654,-0.09315,0.857654,-0.09315,0.864426,0.527848,0.864426,0.554514,0.20999,0.561286,0.20999,0.561286,0.830988,0.554514,0.830988,0.183324,0.644395,0.176552,0.644395,0.176552,0.606789,0.183324,0.606789,0.637176,0.10785,0.388283,0.10785,0.388283,0.059917,0.637176,0.059917,0.259177,0.106964,0.258956,0.107312,0.258956,0.060455,0.259177,0.060803,0.259742,0.059917,0.25952,0.059569,0.289362,0.059569,0.28914,0.059917,0.28914,0.10785,0.289362,0.108198,0.25952,0.108198,0.259742,0.10785,0.289705,0.060803,0.289926,0.060455,0.289926,0.107312,0.289705,0.106964,0.873412,0.644395,0.880184,0.644395,0.880185,0.606789,0.873412,0.606789,0.873412,0.20999,0.873412,0.830988,0.880185,0.830988,0.880184,0.20999,0.867598,0.659368,0.867598,0.649147,1.5671,0.649147,1.5671,0.659368,0.867598,0.170738,0.867598,0.870241,1.5671,0.870241,1.5671,0.170738,0.857654,0.644395,0.864426,0.644395,0.864426,0.606789,0.857654,0.606789,0.637176,0.104539,0.388283,0.104539,0.388283,0.152472,0.637176,0.152472,0.817411,0.485278,0.817633,0.48493,0.817633,0.531788,0.817411,0.531439,0.816847,0.532325,0.817068,0.532674,0.787226,0.532674,0.787448,0.532325,0.787448,0.484392,0.787226,0.484044,0.817068,0.484044,0.816847,0.484392,0.786884,0.531439,0.786662,0.531788,0.786662,0.48493,0.786884,0.485279,0.170738,0.659368,0.170738,0.649147,0.870241,0.649147,0.870241,0.659368,0.817411,0.059917,0.817411,0.10785,0.786884,0.10785,0.786884,0.059917,0.816847,0.059917,0.787448,0.059917,0.787226,0.059569,0.817068,0.059569,0.817411,0.532325,0.786884,0.532325,0.786884,0.484392,0.817411,0.484392,0.259177,0.059917,0.289705,0.059917,0.289705,0.10785,0.259177,0.10785,0.786884,0.060803,0.786884,0.106964,0.786662,0.107312,0.786662,0.060455,0.787448,0.10785,0.816847,0.10785,0.817068,0.108198,0.787226,0.108198,0.817411,0.106964,0.817411,0.060803,0.817633,0.060455,0.817633,0.107312,0.880184,0.606789,0.880185,0.20999,0.170238,0.659368,0.170738,0.659868,1.5676,0.649147,1.5671,0.648647,0.258778,0.484392,0.259177,0.483766,0.388283,0.981688,0.387884,0.981061,0.388283,0.932502,0.387884,0.933128,0.290103,0.532325,0.289705,0.532952,0.258778,0.532325,0.259177,0.532952,0.259742,0.532326,0.637575,0.531439,0.637575,0.532325,0.637176,0.532952,0.637575,0.934014,0.637575,0.933128,0.637176,0.932502,0.259355,0.485297,0.259754,0.484671,0.289527,0.531421,0.289128,0.532047,0.259754,0.532047,0.259355,0.531421,0.176552,0.606289,0.176052,0.606789,0.527848,0.606289,0.528348,0.606789,0.176052,0.644395,0.176552,0.644895,0.527848,0.183824,0.528348,0.183324,0.20999,0.606289,0.20949,0.606789,0.554514,0.606289,0.554014,0.606789,0.554014,0.644395,0.554514,0.644895,0.561786,0.20999,0.561286,0.20949,0.258778,0.059917,0.259177,0.059291,0.290104,0.10785,0.289705,0.108477,0.170238,0.649147,0.170738,0.648647,0.637176,0.981688,0.637575,0.981061,0.637575,0.980175,0.290104,0.059917,0.289705,0.059291,0.637176,0.108477,0.637575,0.10785,0.637575,0.106964,0.289705,0.108476,0.289527,0.106945,0.289128,0.107572,-0.09315,0.606289,-0.09365,0.606789,0.183324,0.606289,0.183824,0.606789,-0.09365,0.644395,-0.09315,0.644895,0.183824,0.644395,0.183324,0.644895,0.873412,0.606289,0.872912,0.606789,0.880684,0.20999,0.880185,0.20949,0.872912,0.644395,0.873412,0.644895,0.388283,0.103912,0.387884,0.104539,0.81781,0.532325,0.817411,0.532952,0.786485,0.484393,0.786884,0.483766,0.388283,0.153098,0.387884,0.152472,0.870241,0.659868,0.870741,0.659368,0.637176,0.103912,0.637575,0.104539,0.637575,0.105425,0.786883,0.531439,0.786484,0.532325,0.786884,0.532952,0.637176,0.483766,0.637575,0.484392,0.637575,0.485279,0.786485,0.484392,0.787061,0.485297,0.78746,0.484671,0.857654,0.606289,0.857154,0.606789,0.527848,0.864926,0.528348,0.864426,0.527848,0.644895,0.528348,0.644395,0.831488,0.606789,0.830988,0.606289,0.831488,0.644395,0.830988,0.644895,0.561786,0.644395,0.561286,0.644895,0.870241,0.648647,0.870741,0.649147,0.81781,0.10785,0.817411,0.108477,0.786485,0.059917,0.786884,0.059291,0.867598,0.659868,0.867098,0.659368,0.81781,0.059917,0.817411,0.059291,0.637575,0.060803,0.637575,0.059917,0.637176,0.059291,0.637575,0.151586,0.637575,0.152472,0.637176,0.153098,0.817234,0.106945,0.816835,0.107572,0.787061,0.060822,0.78746,0.060195,0.816835,0.060195,0.817234,0.060822,0.864926,0.644395,0.864426,0.644895,-0.09315,0.864926,-0.09365,0.864426,0.880185,0.606289,0.880684,0.606789,0.880185,0.831488,0.880684,0.830988,0.873412,0.831488,0.872912,0.830988,0.387884,0.532325,0.387884,0.484392,0.388283,0.532952,0.867598,0.648647,0.388283,0.483766,0.289128,0.484671,0.289527,0.485298,0.528348,0.176552,0.527848,0.176052,-0.09315,0.176052,-0.09315,0.183824,0.554514,0.20949,0.20949,0.644395,0.864926,0.606789,0.561786,0.606789,0.554014,0.20999,0.554014,0.830988,0.561786,0.830988,0.387884,0.059917,0.387884,0.10785,0.259177,0.108477,0.388283,0.108477,0.867098,0.170738,0.867098,0.870241,0.388283,0.059291,0.258778,0.10785,0.880185,0.644895,0.872912,0.20999,0.20999,0.644895,0.786485,0.532325,0.817411,0.483766,1.5676,0.170738,1.5676,0.870241,1.5676,0.659368,0.81781,0.484393,0.864426,0.606289,0.857154,0.644395,0.857654,0.644895,-0.09365,0.857654,0.78746,0.107572,0.787061,0.106946,0.561286,0.606289,0.880684,0.644395,1.5671,0.870741,0.867598,0.870741,0.867098,0.649147,1.5671,0.659868,1.5671,0.170238,0.867598,0.170238]],
            "metadata": {
                "materials": 1,
                "faces": 500,
                "vertices": 284,
                "morphTargets": 0,
                "bones": 0,
                "uvs": 1,
                "generator": "io_three",
                "normals": 187,
                "version": 3
            },
            "faces": [42,0,1,2,0,0,1,2,0,1,2,42,0,2,3,0,0,2,3,0,2,3,42,4,5,6,0,4,5,6,4,5,6,42,4,6,7,0,4,6,7,4,6,7,42,8,9,10,0,8,9,10,8,9,10,42,8,10,11,0,8,10,11,8,10,11,42,12,13,14,0,12,13,14,3,12,13,42,12,14,15,0,12,14,15,3,13,2,42,16,17,18,0,16,17,18,14,15,16,42,16,18,19,0,16,18,19,14,16,17,42,20,21,22,0,5,4,7,18,19,20,42,20,22,23,0,5,7,6,18,20,21,42,24,25,26,0,20,21,22,22,23,24,42,24,26,27,0,20,22,23,22,24,25,42,28,29,30,0,24,25,26,26,27,28,42,28,30,31,0,24,26,27,26,28,29,42,32,33,34,0,28,29,30,30,31,32,42,32,34,35,0,28,30,31,30,32,33,42,36,37,38,0,32,33,34,34,35,36,42,36,38,39,0,32,34,35,34,36,37,42,40,41,42,0,36,37,38,38,39,40,42,40,42,43,0,36,38,39,38,40,41,42,44,45,46,0,1,0,3,42,43,44,42,44,46,47,0,1,3,2,42,44,45,42,48,49,50,0,40,41,42,46,35,47,42,48,50,51,0,40,42,43,46,47,48,42,52,53,54,0,44,45,46,49,44,45,42,52,54,55,0,44,46,47,49,45,42,42,56,57,58,0,48,49,50,3,0,50,42,56,58,59,0,48,50,51,3,50,2,42,60,61,62,0,52,53,54,51,52,53,42,60,62,63,0,52,54,55,51,53,54,42,64,65,66,0,4,7,6,55,56,57,42,64,66,67,0,4,6,5,55,57,58,42,68,69,70,0,56,57,58,59,60,61,42,68,70,71,0,56,58,59,59,61,62,42,72,73,74,0,5,6,7,5,41,63,42,72,74,75,0,5,7,4,5,63,4,42,76,77,78,0,60,61,62,64,65,65,42,76,78,79,0,60,62,63,64,65,30,42,80,81,82,0,59,58,57,66,35,67,42,80,82,83,0,59,57,56,66,67,68,42,84,85,86,0,64,65,66,69,70,65,42,84,86,87,0,64,66,67,69,65,71,42,88,89,90,0,68,69,70,72,73,65,42,88,90,91,0,68,70,71,72,65,74,42,92,93,94,0,72,73,74,75,65,76,42,92,94,95,0,72,74,75,75,76,77,42,96,97,98,0,76,77,78,48,78,35,42,96,98,99,0,76,78,79,48,35,79,42,100,101,102,0,36,39,38,80,81,82,42,100,102,103,0,36,38,37,80,82,83,42,104,105,106,0,37,38,39,39,84,41,42,104,106,107,0,37,39,36,39,41,85,42,108,109,110,0,80,81,82,44,86,87,42,108,110,111,0,80,82,83,44,87,88,42,112,113,114,0,84,85,86,89,90,91,42,112,114,115,0,84,86,87,89,91,92,42,116,117,118,0,88,89,90,93,94,42,42,116,118,119,0,88,90,91,93,42,95,42,120,121,122,0,92,93,94,39,40,41,42,120,122,123,0,92,94,95,39,41,38,42,124,125,126,0,96,97,98,5,6,38,42,124,126,127,0,96,98,99,5,38,96,42,128,129,130,0,8,11,10,66,35,97,42,128,130,131,0,8,10,9,66,97,98,42,132,133,134,0,99,98,97,99,100,21,42,132,134,135,0,99,97,96,99,21,101,42,136,137,138,0,100,101,102,102,65,65,42,136,138,139,0,100,102,103,102,65,103,42,140,141,142,0,9,10,11,9,10,11,42,140,142,143,0,9,11,8,9,11,62,42,144,145,146,0,104,105,106,104,65,65,42,144,146,147,0,104,106,107,104,65,105,42,148,149,150,0,108,109,110,106,107,65,42,148,150,151,0,108,110,111,106,65,108,42,152,153,154,0,112,113,114,109,65,110,42,152,154,155,0,112,114,115,109,110,30,42,156,157,158,0,32,35,34,111,112,113,42,156,158,159,0,32,34,33,111,113,61,42,160,161,162,0,33,34,35,35,36,37,42,160,162,163,0,33,35,32,35,37,114,42,164,165,166,0,47,46,45,1,2,3,42,164,166,167,0,47,45,44,1,3,115,42,168,169,170,0,40,43,42,92,116,117,42,168,170,171,0,40,42,41,92,117,11,42,172,173,174,0,116,117,118,118,119,120,42,172,174,175,0,116,118,119,118,120,121,42,176,177,178,0,59,56,57,62,122,123,42,176,178,179,0,59,57,58,62,123,61,42,180,181,182,0,52,55,54,40,41,38,42,180,182,183,0,52,54,53,40,38,39,42,184,185,186,0,92,95,94,52,53,54,42,184,186,187,0,92,94,93,52,54,51,42,188,189,190,0,96,99,98,124,125,56,42,188,190,191,0,96,98,97,124,56,126,42,192,193,194,0,56,59,58,127,128,35,42,192,194,195,0,56,58,57,127,35,67,42,196,197,198,0,120,121,122,129,130,131,42,196,198,199,0,120,122,123,129,131,132,42,200,201,202,0,124,125,126,26,133,134,42,200,202,203,0,124,126,127,26,134,135,42,204,205,206,0,99,96,97,136,137,41,42,204,206,207,0,99,97,98,136,41,138,42,208,209,210,0,128,129,130,2,3,139,42,208,210,211,0,128,130,131,2,139,50,42,212,213,214,0,9,8,11,98,66,35,42,212,214,215,0,9,11,10,98,35,97,42,216,217,218,0,132,133,134,132,129,140,42,216,218,219,0,132,134,135,132,140,141,42,220,221,222,0,136,137,138,142,143,144,42,220,222,223,0,136,138,139,142,144,145,42,224,225,226,0,140,141,142,146,147,148,42,224,226,227,0,140,142,143,146,148,149,42,228,229,230,0,144,145,146,150,23,151,42,228,230,231,0,144,146,147,150,151,152,42,232,233,234,0,49,48,51,88,44,153,42,232,234,235,0,49,51,50,88,153,42,42,236,237,238,0,76,79,148,89,117,154,42,236,238,239,0,76,148,77,89,154,92,42,240,241,242,0,37,36,39,52,80,81,42,240,242,243,0,37,39,38,52,81,155,42,244,245,246,0,33,32,35,61,111,112,42,244,246,247,0,33,35,34,61,112,113,42,248,249,250,0,88,91,90,156,157,158,42,248,250,251,0,88,90,89,156,158,159,42,252,253,254,0,116,119,118,160,40,161,42,252,254,255,0,116,118,117,160,161,162,42,256,257,258,0,149,82,81,0,50,163,42,256,258,259,0,149,81,80,0,163,3,42,252,260,119,0,116,150,151,160,114,95,42,261,255,249,0,86,152,153,164,162,157,42,13,214,7,0,13,154,155,12,35,7,42,22,215,12,0,7,156,157,20,97,3,42,6,11,14,0,6,158,159,6,11,13,42,15,10,23,0,15,160,161,2,10,21,42,33,212,21,0,29,162,163,31,98,19,42,33,21,16,0,29,163,164,31,19,14,42,9,24,17,0,9,165,166,9,22,15,42,9,17,20,0,9,166,167,9,15,18,42,29,4,213,0,25,155,154,27,4,66,42,29,213,32,0,25,154,28,27,66,30,42,5,28,25,0,5,168,169,5,26,23,42,5,25,8,0,5,169,170,5,23,8,42,30,35,262,0,26,31,171,28,33,165,42,30,262,263,0,26,171,172,28,165,166,42,18,27,264,0,18,23,173,16,25,167,42,18,264,265,0,18,173,174,16,167,168,42,34,19,266,0,30,19,175,32,17,169,42,34,266,267,0,30,175,176,32,169,170,42,182,0,37,0,54,177,178,38,0,35,42,244,1,181,0,33,179,180,61,1,41,42,183,36,45,0,53,181,182,39,34,43,42,44,245,180,0,1,183,184,42,111,40,42,40,57,49,0,36,185,186,38,0,35,42,50,56,241,0,42,187,188,47,3,80,42,51,240,233,0,43,189,190,48,52,44,42,232,41,48,0,49,191,192,88,39,46,42,172,116,268,0,116,151,150,118,93,171,42,65,82,219,0,7,156,157,56,67,141,42,216,81,74,0,132,193,194,132,35,63,42,218,69,66,0,134,195,196,140,60,57,42,73,70,217,0,6,158,159,41,61,129,42,173,269,248,0,117,197,198,119,172,156,42,75,80,79,0,4,199,200,4,66,30,42,75,79,84,0,4,200,201,4,30,69,42,87,92,71,0,67,72,202,71,75,62,42,87,71,72,0,67,202,203,71,62,5,42,83,64,91,0,56,204,205,68,55,74,42,83,91,76,0,56,205,206,68,74,64,42,95,88,67,0,75,68,207,77,72,58,42,95,67,68,0,75,207,195,77,58,59,42,89,94,270,0,69,74,208,73,76,173,42,89,270,271,0,69,208,209,73,173,174,42,38,3,62,0,34,210,211,36,3,53,42,63,2,247,0,55,212,213,54,2,113,42,39,61,46,0,35,214,215,37,52,44,42,60,246,47,0,52,216,217,51,112,45,42,99,259,100,0,79,218,219,79,3,80,42,107,256,98,0,36,185,186,85,0,35,42,111,104,97,0,83,220,221,88,39,78,42,96,103,108,0,76,222,223,48,83,44,42,114,250,254,0,86,153,152,91,158,161,42,125,142,211,0,97,224,225,6,11,50,42,208,141,134,0,128,226,227,2,10,21,42,210,129,126,0,130,228,229,139,35,38,42,133,130,209,0,98,230,231,100,97,3,42,253,118,115,0,119,232,233,40,42,92,42,135,140,139,0,96,234,235,101,9,103,42,135,139,144,0,96,235,236,101,103,104,42,147,152,131,0,107,237,238,105,109,98,42,147,131,132,0,107,238,239,105,98,99,42,143,124,151,0,8,240,241,62,5,108,42,143,151,136,0,8,241,242,62,108,102,42,155,148,127,0,115,108,229,30,106,96,42,155,127,128,0,115,229,243,30,96,66,42,149,154,272,0,109,114,244,107,110,175,42,149,272,273,0,109,244,245,107,175,176,42,159,164,122,0,33,179,180,61,1,41,42,123,167,160,0,95,246,247,38,115,35,42,55,156,121,0,47,248,249,42,111,40,42,163,52,120,0,32,250,251,114,49,39,42,170,242,59,0,42,188,187,117,81,2,42,43,171,58,0,39,252,253,41,11,50,42,243,169,234,0,38,254,255,155,116,153,42,168,42,235,0,40,256,257,92,40,42,42,174,251,113,0,118,258,259,120,159,90,42,197,178,191,0,121,260,261,130,123,126,42,206,179,196,0,97,224,225,41,61,129,42,190,195,198,0,98,230,231,56,67,131,42,199,194,207,0,123,262,263,132,35,138,42,112,117,175,0,84,264,265,89,94,121,42,229,176,205,0,145,266,267,23,62,137,42,229,205,200,0,145,267,124,23,137,26,42,193,220,201,0,59,268,269,128,142,133,42,193,201,204,0,59,269,270,128,133,136,42,225,188,177,0,141,261,260,147,124,122,42,225,177,228,0,141,260,144,147,122,150,42,189,224,221,0,99,271,272,125,146,143,42,189,221,192,0,99,272,273,125,143,127,42,226,231,274,0,142,147,274,148,152,177,42,226,274,275,0,142,274,275,148,177,178,42,202,223,276,0,126,139,276,134,145,179,42,202,276,277,0,126,276,277,134,179,180,42,230,203,278,0,146,127,278,151,135,181,42,230,278,279,0,146,278,279,151,181,182,42,187,157,54,0,93,280,281,51,112,45,42,162,184,53,0,35,214,215,37,52,44,42,165,158,186,0,46,282,283,2,113,54,42,185,161,166,0,95,247,246,53,36,3,42,238,257,106,0,148,284,285,154,50,41,42,110,239,105,0,82,286,287,87,92,84,42,258,237,101,0,81,288,289,163,117,81,42,102,236,109,0,38,254,255,82,89,86,42,252,255,261,0,116,117,197,160,162,164,42,252,261,260,0,116,197,150,160,164,114,42,13,12,215,0,13,12,162,12,3,97,42,13,215,214,0,13,162,154,12,97,35,42,11,10,15,0,11,10,290,11,10,2,42,11,15,14,0,11,290,291,11,2,13,42,7,6,14,0,7,6,159,7,6,13,42,7,14,13,0,7,159,157,7,13,12,42,23,22,12,0,6,7,157,21,20,3,42,23,12,15,0,6,157,159,21,3,2,42,212,215,22,0,9,10,292,98,97,20,42,212,22,21,0,9,292,167,98,20,19,42,18,17,24,0,18,17,20,16,15,22,42,18,24,27,0,18,20,23,16,22,25,42,4,7,214,0,4,7,156,4,7,35,42,4,214,213,0,4,156,199,4,35,66,42,28,31,26,0,24,27,22,26,29,24,42,28,26,25,0,24,22,21,26,24,23,42,253,252,119,0,119,116,151,40,160,95,42,253,119,118,0,119,151,232,40,95,42,42,63,62,3,0,55,54,177,54,53,3,42,63,3,2,0,55,177,212,54,3,2,42,269,261,249,0,85,86,153,172,164,157,42,269,249,248,0,85,153,293,172,157,156,42,20,23,10,0,5,6,158,18,21,10,42,20,10,9,0,5,158,170,18,10,9,42,8,11,6,0,8,11,294,8,11,6,42,8,6,5,0,8,294,240,8,6,5,42,21,20,17,0,4,5,168,19,18,15,42,21,17,16,0,4,168,201,19,15,14,42,213,212,33,0,8,9,165,66,98,31,42,213,33,32,0,8,165,242,66,31,30,42,9,8,25,0,9,8,242,9,8,23,42,9,25,24,0,9,242,165,9,23,22,42,5,4,29,0,5,4,201,5,4,27,42,5,29,28,0,5,201,168,5,27,26,42,30,29,32,0,26,25,28,28,27,30,42,30,32,35,0,26,28,31,28,30,33,42,16,19,34,0,16,19,30,14,17,32,42,16,34,33,0,16,30,29,14,32,31,42,31,30,263,0,27,26,172,29,28,166,42,31,263,280,0,27,172,295,29,166,183,42,35,34,267,0,31,30,176,33,32,170,42,35,267,262,0,31,176,171,33,170,165,42,19,18,265,0,19,18,174,17,16,168,42,19,265,266,0,19,174,175,17,168,169,42,27,26,281,0,23,22,296,25,24,184,42,27,281,264,0,23,296,173,25,184,167,42,1,0,182,0,1,0,297,1,0,38,42,1,182,181,0,1,297,184,1,38,41,42,183,182,37,0,53,54,178,39,38,35,42,183,37,36,0,53,178,181,39,35,34,42,245,244,181,0,32,33,180,111,61,41,42,245,181,180,0,32,180,251,111,41,40,42,45,44,180,0,0,1,184,43,42,40,42,45,180,183,0,0,184,297,43,40,39,42,60,63,247,0,52,55,213,51,54,113,42,60,247,246,0,52,213,216,51,113,112,42,61,60,47,0,53,52,217,52,51,45,42,61,47,46,0,53,217,182,52,45,44,42,46,45,36,0,3,0,298,44,43,34,42,46,36,39,0,3,298,299,44,34,37,42,44,47,246,0,1,2,300,42,45,112,42,44,246,245,0,1,300,183,42,112,111,42,2,1,244,0,2,1,183,2,1,61,42,2,244,247,0,2,183,300,2,61,113,42,57,56,50,0,49,48,301,0,3,47,42,57,50,49,0,49,301,192,0,47,35,42,51,50,241,0,43,42,188,48,47,80,42,51,241,240,0,43,188,189,48,80,52,42,41,40,49,0,37,36,186,39,38,35,42,41,49,48,0,37,186,302,39,35,46,42,233,232,48,0,48,49,192,44,88,46,42,233,48,51,0,48,192,301,44,46,48,42,187,186,158,0,93,94,303,51,54,113,42,187,158,157,0,93,303,280,51,113,112,42,162,161,185,0,35,34,211,37,36,53,42,162,185,184,0,35,211,214,37,53,52,42,168,171,43,0,40,41,304,92,11,41,42,168,43,42,0,40,304,256,92,41,40,42,169,168,235,0,43,40,257,116,92,42,42,169,235,234,0,43,257,190,116,42,153,42,40,43,58,0,36,39,253,38,41,50,42,40,58,57,0,36,253,185,38,50,0,42,163,162,53,0,32,35,215,114,37,44,42,163,53,52,0,32,215,250,114,44,49,42,234,233,240,0,51,48,305,153,44,52,42,234,240,243,0,51,305,306,153,52,155,42,232,235,42,0,49,50,307,88,42,40,42,232,42,41,0,49,307,191,88,40,39,42,39,38,62,0,35,34,211,37,36,53,42,39,62,61,0,35,211,214,37,53,52,42,82,81,216,0,57,58,308,67,35,132,42,82,216,219,0,57,308,309,67,132,141,42,218,217,70,0,134,133,202,140,129,61,42,218,70,69,0,134,202,195,140,61,60,42,219,218,66,0,135,134,196,141,140,57,42,219,66,65,0,135,196,310,141,57,56,42,217,216,74,0,133,132,194,129,132,63,42,217,74,73,0,133,194,203,129,63,41,42,75,74,81,0,4,7,156,4,63,35,42,75,81,80,0,4,156,199,4,35,66,42,93,92,87,0,73,72,67,65,75,71,42,93,87,86,0,73,67,66,65,71,65,42,83,82,65,0,56,57,311,68,67,56,42,83,65,64,0,56,311,204,68,56,55,42,95,94,89,0,75,74,69,77,76,73,42,95,89,88,0,75,69,68,77,73,72,42,117,116,172,0,89,88,312,94,93,118,42,117,172,175,0,89,312,313,94,118,121,42,71,70,73,0,59,58,314,62,61,41,42,71,73,72,0,59,314,270,62,41,5,42,67,66,69,0,5,6,158,58,57,60,42,67,69,68,0,5,158,170,58,60,59,42,84,87,72,0,64,67,203,69,71,5,42,84,72,75,0,64,203,194,69,5,4,42,76,79,80,0,60,63,193,64,30,66,42,76,80,83,0,60,193,315,64,66,68,42,92,95,68,0,72,75,195,75,77,59,42,92,68,71,0,72,195,202,75,59,62,42,88,91,64,0,68,71,310,72,74,55,42,88,64,67,0,68,310,196,72,55,58,42,77,76,91,0,61,60,71,65,64,74,42,77,91,90,0,61,71,70,65,74,65,42,79,78,85,0,63,62,65,30,65,70,42,79,85,84,0,63,65,64,30,70,69,42,99,98,256,0,79,78,284,79,35,0,42,99,256,259,0,79,284,218,79,0,3,42,104,107,98,0,37,36,186,39,85,35,42,104,98,97,0,37,186,302,39,35,78,42,96,99,100,0,76,79,219,48,79,80,42,96,100,103,0,76,219,222,48,80,83,42,97,96,108,0,77,76,223,78,48,44,42,97,108,111,0,77,223,316,78,44,88,42,102,101,237,0,38,39,252,82,81,117,42,102,237,236,0,38,252,254,82,117,89,42,259,258,101,0,80,81,289,3,163,81,42,259,101,100,0,80,289,317,3,81,80,42,242,241,56,0,39,36,185,81,80,3,42,242,56,59,0,39,185,253,81,3,2,42,103,102,109,0,37,38,255,83,82,86,42,103,109,108,0,37,255,318,83,86,44,42,142,141,208,0,11,10,290,11,10,2,42,142,208,211,0,11,290,291,11,2,50,42,210,209,130,0,130,129,319,139,3,97,42,210,130,129,0,130,319,228,139,97,35,42,211,210,126,0,131,130,229,50,139,38,42,211,126,125,0,131,229,320,50,38,6,42,209,208,134,0,129,128,227,3,2,21,42,209,134,133,0,129,227,239,3,21,100,42,135,134,141,0,96,97,224,101,21,10,42,135,141,140,0,96,224,234,101,10,9,42,153,152,147,0,113,112,107,65,109,105,42,153,147,146,0,113,107,106,65,105,65,42,143,142,125,0,8,11,294,62,11,6,42,143,125,124,0,8,294,240,62,6,5,42,155,154,149,0,115,114,109,30,110,107,42,155,149,148,0,115,109,108,30,107,106,42,248,251,174,0,88,89,313,156,159,120,42,248,174,173,0,88,313,312,156,120,119,42,250,249,255,0,90,91,321,158,157,162,42,250,255,254,0,90,321,322,158,162,161,42,115,114,254,0,87,86,152,92,91,161,42,115,254,253,0,87,152,323,92,161,40,42,175,174,113,0,119,118,259,121,120,90,42,175,113,112,0,119,259,233,121,90,89,42,131,130,133,0,9,10,292,98,97,100,42,131,133,132,0,9,292,167,98,100,99,42,127,126,129,0,99,98,230,96,38,35,42,127,129,128,0,99,230,273,96,35,66,42,144,147,132,0,104,107,239,104,105,99,42,144,132,135,0,104,239,227,104,99,101,42,136,139,140,0,100,103,226,102,103,9,42,136,140,143,0,100,226,324,102,9,62,42,152,155,128,0,112,115,243,109,30,66,42,152,128,131,0,112,243,319,109,66,98,42,148,151,124,0,108,111,320,106,108,5,42,148,124,127,0,108,320,229,106,5,96,42,137,136,151,0,101,100,111,65,102,108,42,137,151,150,0,101,111,110,65,108,65,42,139,138,145,0,103,102,105,103,65,65,42,139,145,144,0,103,105,104,103,65,104,42,123,122,164,0,95,94,325,38,41,1,42,123,164,167,0,95,325,246,38,1,115,42,156,159,122,0,32,33,180,111,61,41,42,156,122,121,0,32,180,251,111,41,40,42,120,123,160,0,92,95,247,39,38,35,42,120,160,163,0,92,247,326,39,35,114,42,121,120,52,0,93,92,327,40,39,49,42,121,52,55,0,93,327,281,40,49,42,42,166,165,186,0,45,46,283,3,2,54,42,166,186,185,0,45,283,328,3,54,53,42,159,158,165,0,33,34,210,61,113,2,42,159,165,164,0,33,210,179,61,2,1,42,161,160,167,0,34,33,179,36,35,115,42,161,167,166,0,34,179,210,36,115,3,42,197,196,179,0,121,120,266,130,129,61,42,197,179,178,0,121,266,260,130,61,123,42,195,194,199,0,57,58,308,67,35,132,42,195,199,198,0,57,308,309,67,132,131,42,191,190,198,0,97,98,231,126,56,131,42,191,198,197,0,97,231,225,126,131,130,42,207,206,196,0,98,97,225,138,41,129,42,207,196,199,0,98,225,231,138,129,132,42,176,179,206,0,59,58,314,62,61,41,42,176,206,205,0,59,314,270,62,41,137,42,202,201,220,0,126,125,136,134,133,142,42,202,220,223,0,126,136,139,134,142,145,42,188,191,178,0,96,97,224,124,126,123,42,188,178,177,0,96,224,234,124,123,122,42,224,227,222,0,140,143,138,146,149,144,42,224,222,221,0,140,138,137,146,144,143,42,258,257,238,0,81,82,286,163,50,154,42,258,238,237,0,81,286,288,163,154,117,42,204,207,194,0,99,98,230,136,138,35,42,204,194,193,0,99,230,273,136,35,128,42,192,195,190,0,56,57,311,127,67,56,42,192,190,189,0,56,311,204,127,56,125,42,205,204,201,0,96,99,271,137,136,133,42,205,201,200,0,96,271,236,137,133,26,42,177,176,229,0,56,59,268,122,62,23,42,177,229,228,0,56,268,206,122,23,150,42,193,192,221,0,59,56,206,128,127,143,42,193,221,220,0,59,206,268,128,143,142,42,189,188,225,0,99,96,236,125,124,147,42,189,225,224,0,99,236,271,125,147,146,42,226,225,228,0,142,141,144,148,147,150,42,226,228,231,0,142,144,147,148,150,152,42,200,203,230,0,124,127,146,26,135,151,42,200,230,229,0,124,146,145,26,151,23,42,227,226,275,0,143,142,275,149,148,178,42,227,275,282,0,143,275,329,149,178,185,42,231,230,279,0,147,146,279,152,151,182,42,231,279,274,0,147,279,274,152,182,177,42,203,202,277,0,127,126,277,135,134,180,42,203,277,278,0,127,277,278,135,180,181,42,223,222,283,0,139,138,330,145,144,186,42,223,283,276,0,139,330,276,145,186,179,42,54,53,184,0,46,45,328,45,44,52,42,54,184,187,0,46,328,283,45,52,51,42,171,170,59,0,41,42,187,11,117,2,42,171,59,58,0,41,187,331,11,2,50,42,239,238,106,0,77,148,285,92,154,41,42,239,106,105,0,77,285,332,92,41,84,42,243,242,170,0,38,39,252,155,81,117,42,243,170,169,0,38,252,254,155,117,116,42,157,156,55,0,35,32,250,112,111,42,42,157,55,54,0,35,250,215,112,42,45,42,105,104,111,0,38,37,318,84,39,88,42,105,111,110,0,38,318,255,84,88,87,42,110,109,236,0,82,81,288,87,86,89,42,110,236,239,0,82,288,286,87,89,92,42,257,256,107,0,82,149,220,50,0,85,42,257,107,106,0,82,220,287,50,85,41,42,0,3,38,0,0,3,299,0,3,36,42,0,38,37,0,0,299,298,0,36,35,42,251,250,114,0,89,90,333,159,158,91,42,251,114,113,0,89,333,334,159,91,90,42,268,269,173,0,84,85,335,171,172,119,42,268,173,172,0,84,335,265,171,119,118,42,112,115,118,0,84,87,336,89,92,42,42,112,118,117,0,84,336,264,89,42,94,42,116,119,260,0,88,91,337,93,95,114,42,116,260,268,0,88,337,338,93,114,171,42,268,260,261,0,84,87,86,171,114,164,42,268,261,269,0,84,86,85,171,164,172],
            "skinIndices": [],
            "influencesPerVertex": 2,
            "normals": [-0.341594,0.341563,0.875546,-0.341563,-0.341563,0.875546,0.341563,-0.341563,0.875576,0.341563,0.341563,0.875576,-0.821833,0.368053,-0.434828,-0.821833,-0.368053,-0.434828,-0.875546,-0.341594,0.341563,-0.875576,0.341563,0.341594,-0.368084,-0.821833,-0.434828,0.368053,-0.821833,-0.434828,0.341563,-0.875576,0.341594,-0.341563,-0.875576,0.341563,-0.341563,0.341594,0.875576,-0.341563,-0.341594,0.875546,0.883877,0.206793,0.419446,0.883816,-0.206824,0.419538,0.876003,-0.383526,0.292337,0.876034,0.383496,0.292306,0.821833,-0.368053,-0.434828,0.821833,0.368084,-0.434828,0.875546,0.341563,0.341594,0.875546,-0.341563,0.341563,0.206763,-0.883847,0.419538,-0.206793,-0.883847,0.419507,0,-0.480056,0.877224,0.383496,-0.876034,0.292337,-0.883847,-0.206824,0.419507,-0.883816,0.206824,0.419538,-0.875973,0.383618,0.292337,-0.480056,0,0.877224,-0.206793,0.883847,0.419507,0.206793,0.883847,0.419538,0.383526,0.876003,0.292337,-0.383221,0.876095,0.292428,-0.341563,0.875546,-0.341563,-0.341563,0.875576,0.341563,0.341533,0.875576,0.341563,0.341533,0.875576,-0.341563,-0.875576,0.341563,0.341563,-0.875576,0.341563,-0.341563,-0.875576,-0.341563,-0.341563,-0.875576,-0.341563,0.341563,-0.341563,-0.341563,-0.875576,-0.341594,0.341563,-0.875576,0.341563,0.341563,-0.875576,0.341563,-0.341594,-0.875546,-0.341563,0.875576,-0.341563,0.341563,0.875576,0.341563,0.341563,0.875576,-0.341563,-0.341563,0.341563,-0.875576,-0.341563,-0.341563,0.875576,0.875546,-0.341594,-0.341563,0.875546,0.341594,-0.341594,0.875546,0.341594,0.341594,0.875546,-0.341594,0.341563,0.821863,0.368023,-0.434828,0.875576,0.341533,0.341563,0.875576,-0.341563,0.341563,0.821925,-0.368023,-0.434706,0.368084,-0.821955,-0.434584,0.341594,-0.875546,0.341563,-0.341594,-0.875576,0.341563,-0.368053,-0.821833,-0.434828,-0.875546,0.341563,0.341594,0.207617,0.883541,0.419752,0,0,1,-0.368053,0.821833,-0.434828,0.341594,0.875546,0.341594,0.368114,0.821863,-0.434736,-0.883877,0.206793,0.419446,-3.1e-05,0,1,-0.883816,-0.206824,0.419538,0.883999,-0.206336,0.419416,0.401471,-0.402234,0.822779,0.883908,0.20658,0.419507,-0.206763,-0.883847,0.419507,0.400433,-0.401929,0.82345,0.207434,-0.883602,0.419691,-0.341594,0.875576,-0.341563,0.341594,0.875546,0.341563,0.875576,0.341563,0.341594,0.875546,-0.341563,0.341594,0.875576,-0.341533,-0.341563,0.875546,0.341563,-0.341594,-0.875546,-0.341594,-0.341594,-0.875546,0.341594,0.341563,0.341563,-0.341533,-0.875576,-0.341563,-0.341594,-0.875576,-0.341594,0.341594,-0.875546,0.341594,-0.875546,-0.341594,0.341563,-0.875484,0.341777,-0.341533,-0.875484,0.341777,-0.341563,-0.875576,-0.341563,0.341594,0.341563,-0.875546,0.341594,-0.341563,-0.875576,-0.341563,0.341533,-0.875576,-0.821833,0.368084,-0.434828,0.341563,0.875546,0.341594,0.368053,0.821833,-0.434828,0.821833,0.368053,-0.434828,0.875576,0.341563,0.341563,0.821833,-0.368084,-0.434828,-0.206793,-0.883877,0.419507,0.206793,-0.883847,0.419507,0.883847,-0.206824,0.419507,0.883847,0.206824,0.419507,-0.883847,0.206824,0.419507,-0.401868,0.401837,0.822779,-0.883847,-0.206824,0.419538,0.206763,0.883847,0.419538,-0.401807,0.401868,0.82281,-0.341594,-0.875546,-0.341563,0.341533,-0.875576,-0.341563,0.341533,-0.875576,0.341563,-0.341563,0.875546,-0.341594,-0.341594,0.341563,0.875576,0.341563,-0.875546,-0.341594,0.341563,-0.875576,0.341563,0.875576,0.341533,-0.341563,0.875515,0.341533,0.341777,0.875515,-0.341533,0.341777,0.875576,-0.341563,-0.341563,0.368114,-0.821863,-0.434736,0.341594,-0.875546,0.341594,0.821863,-0.368023,-0.434828,0.821925,0.367992,-0.434706,0.875576,-0.341533,0.341563,0.368084,0.821955,-0.434584,-0.368084,0.821833,-0.434828,-0.341594,-0.341594,0.875546,0.341594,-0.341533,0.875576,0.341594,0.341563,0.875576,-0.341563,0.341563,0.875576,-0.883847,0.206824,0.419538,-0.876064,0.383343,0.292428,-0.876003,-0.383557,0.292367,-0.821863,0.368053,-0.434797,-0.821802,-0.368084,-0.434828,-0.875546,0.341563,0.341563,-0.341563,0.341594,0.875546,0.341594,-0.341563,0.875546,0.341594,0.341533,0.875576,-0.206763,0.883877,0.419507,0.207434,0.883602,0.419691,0,0.481094,0.876644,-0.383618,0.875973,0.292337,0.883999,0.206366,0.419416,0.883908,-0.20658,0.419507,0.87579,-0.384045,0.292367,0.480483,0,0.87698,0.207587,-0.883572,0.419752,-0.383526,-0.876003,0.292367,0.382,-0.876492,0.292917,0.341563,-0.341563,-0.875576,-0.341563,-0.875546,0.341563,0.875576,-0.341563,-0.341594,0.341411,0.34135,0.875698,-0.34138,0.341411,0.875698,-0.34138,-0.34138,0.875698,0.341411,-0.34138,0.875698,-0.875546,0.341563,-0.341594,-0.875484,-0.341563,0.341777,-0.875484,0.341533,0.341807,0.341594,-0.341563,0.875576,-0.341533,0.875515,0.341777,-0.230873,0.617084,-0.75222,-0.617054,0.230811,-0.752281,0.230811,-0.617023,-0.752312,0.617023,-0.230781,-0.752312,0.617023,0.230811,-0.752281,0.230842,0.617023,-0.752281,0.341594,0.875546,-0.341563,0.341563,0.875484,0.341807,0.470656,-0.471725,-0.745598,0.470779,-0.47084,-0.746055,-0.470748,0.470779,-0.746147,-0.47084,0.470779,-0.746086,0.231178,-0.617328,-0.751946,0.617084,-0.230842,-0.752251,-0.230903,0.617084,-0.75222,-0.617115,0.230964,-0.752159,-0.617054,-0.230811,-0.752281,-0.230842,-0.617023,-0.752312,-0.707053,0,-0.707114,0,-0.707114,-0.707083,0.707083,0,-0.707083,0,0.707022,-0.707144],
            "bones": []
        },
        "type": "Geometry"
    },{
        "materials": [{
            "specularCoef": 50,
            "DbgColor": 15658734,
            "DbgName": "Silver_Paint_01",
            "depthWrite": true,
            "colorDiffuse": [0.498039,0.498039,0.498039],
            "doubleSided": true,
            "colorAmbient": [0.498039,0.498039,0.498039],
            "blending": "NormalBlending",
            "opacity": 1,
            "colorEmissive": [0,0,0],
            "visible": true,
            "colorSpecular": [0.5,0.5,0.5],
            "shading": "phong",
            "wireframe": false,
            "transparent": false,
            "depthTest": true,
            "DbgIndex": 0
        }],
        "uuid": "158469AE-1DCA-365C-A2C3-592B15A70545",
        "data": {
            "animations": [],
            "skinWeights": [],
            "name": "3DSMesh_7_6Geometry",
            "vertices": [0.38295,-0.552332,0.680058,0.309333,-0.552332,0.680058,0.309333,-0.552332,0.674553,0.38295,-0.552332,0.674553,0.309333,-0.627949,0.680058,0.38295,-0.627949,0.680058,0.38295,-0.627949,0.674553,0.309333,-0.627949,0.674553,0.308333,-0.553332,0.680058,0.308333,-0.626949,0.680058,0.308333,-0.626949,0.674553,0.308333,-0.553332,0.674553,0.309333,-0.553332,0.681059,0.38295,-0.553332,0.681059,0.38295,-0.626949,0.681059,0.309333,-0.626949,0.681059,0.38395,-0.626949,0.680058,0.38395,-0.553332,0.680058,0.38395,-0.553332,0.674553,0.38395,-0.626949,0.674553,-1.01417,-0.626949,0.680058,-1.01417,-0.626949,0.674553,-1.01417,-0.553332,0.674553,-1.01417,-0.553332,0.680058,-1.01317,-0.552332,0.680058,-1.01317,-0.552332,0.674553,-0.939551,-0.552332,0.674553,-0.939551,-0.552332,0.680058,-0.938551,-0.553332,0.680058,-0.938551,-0.553332,0.674553,-0.938551,-0.626949,0.674553,-0.938551,-0.626949,0.680058,-0.939551,-0.553332,0.681059,-0.939551,-0.626949,0.681059,-1.01317,-0.626949,0.681059,-1.01317,-0.553332,0.681059,-0.939551,-0.627949,0.680058,-0.939551,-0.627949,0.674553,-1.01317,-0.627949,0.674553,-1.01317,-0.627949,0.680058,0.38395,0.769168,0.680058,0.38395,0.769168,0.674553,0.38395,0.695551,0.674553,0.38395,0.695551,0.680058,0.38295,0.694551,0.680058,0.38295,0.694551,0.674553,0.309333,0.694551,0.674553,0.309333,0.694551,0.680058,0.308333,0.695551,0.680058,0.308333,0.695551,0.674553,0.308333,0.769168,0.674553,0.308333,0.769168,0.680058,0.309333,0.695551,0.681059,0.309333,0.769168,0.681059,0.38295,0.769168,0.681059,0.38295,0.695551,0.681059,0.309333,0.770168,0.680058,0.309333,0.770168,0.674553,0.38295,0.770168,0.674553,0.38295,0.770168,0.680058,-1.01317,0.694551,0.680058,-0.939551,0.694551,0.680058,-0.939551,0.694551,0.674553,-1.01317,0.694551,0.674553,-0.939551,0.770168,0.680058,-1.01317,0.770168,0.680058,-1.01317,0.770168,0.674553,-0.939551,0.770168,0.674553,-0.938551,0.695551,0.680058,-0.938551,0.769168,0.680058,-0.938551,0.769168,0.674553,-0.938551,0.695551,0.674553,-0.939551,0.695551,0.681059,-1.01317,0.695551,0.681059,-1.01317,0.769168,0.681059,-0.939551,0.769168,0.681059,-1.01417,0.769168,0.680058,-1.01417,0.695551,0.680058,-1.01417,0.695551,0.674553,-1.01417,0.769168,0.674553,0.383535,-0.551332,0.673553,0.38495,-0.552747,0.673553,-1.01375,-0.628949,0.673553,-1.01517,-0.627535,0.673553,-0.938965,-0.551332,0.673553,-0.937551,-0.552746,0.673553,-0.937551,-0.627535,0.673553,-0.938965,-0.628949,0.673553,0.383535,0.771168,0.673553,0.38495,0.769754,0.673553,0.308747,0.693551,0.673553,0.307333,0.694966,0.673553,0.307333,0.769754,0.673553,0.308747,0.771168,0.673553,-1.01375,0.693551,0.673553,-1.01517,0.694966,0.673553,-1.01517,-0.552747,0.673553,-1.01375,-0.551332,0.673553,0.38495,0.694966,0.673553,0.383535,0.693551,0.673553],
            "morphTargets": [],
            "uvs": [[0.640171,0.485297,0.640171,0.531421,0.637974,0.531421,0.637974,0.485297,0.640171,0.934033,0.640171,0.980156,0.637974,0.980156,0.637974,0.934033,0.289128,0.531421,0.289128,0.485297,0.259754,0.485297,0.259754,0.531421,0.640171,0.106945,0.637974,0.106945,0.637974,0.060822,0.640171,0.060822,0.289128,0.060822,0.259754,0.060822,0.259754,0.106945,0.289128,0.106945,0.640171,0.105444,0.637974,0.105444,0.637974,0.151567,0.640171,0.151567,0.78746,0.531421,0.816835,0.531421,0.816835,0.485297,0.78746,0.485297,0.78746,0.060822,0.78746,0.106945,0.816835,0.106945,0.816835,0.060822,0.637575,0.48493,0.637575,0.484044,0.637974,0.484671,0.640171,0.933406,0.64057,0.934033,0.640171,0.484671,0.64057,0.485297,0.259355,0.531421,0.259754,0.532047,0.259754,0.484671,0.259355,0.485297,0.637575,0.107312,0.637575,0.108198,0.637974,0.107572,0.637575,0.060455,0.637575,0.059569,0.637974,0.060195,0.637575,0.980523,0.637575,0.981409,0.637974,0.980783,0.289527,0.060822,0.289128,0.060195,0.289128,0.107572,0.289527,0.106945,0.640171,0.980783,0.64057,0.980156,0.640171,0.107572,0.64057,0.106945,0.637575,0.531788,0.637575,0.532674,0.637974,0.532047,0.637575,0.105077,0.637575,0.104191,0.637974,0.104817,0.787061,0.531421,0.78746,0.532047,0.78746,0.484671,0.787061,0.485297,0.640171,0.104817,0.64057,0.105444,0.640171,0.152194,0.64057,0.151567,0.817234,0.060822,0.816835,0.060195,0.816835,0.107572,0.817234,0.106945,0.637974,0.933406,0.640171,0.532047,0.289128,0.532047,0.289527,0.531421,0.289527,0.485297,0.64057,0.531421,0.289128,0.484671,0.640171,0.060195,0.64057,0.060822,0.259355,0.060822,0.259355,0.106945,0.637575,0.933666,0.637974,0.152194,0.817234,0.531421,0.817234,0.485297,0.637575,0.151934,0.78746,0.060195,0.787061,0.060822,0.787061,0.106945,0.78746,0.107572]],
            "metadata": {
                "materials": 1,
                "faces": 152,
                "vertices": 100,
                "morphTargets": 0,
                "bones": 0,
                "uvs": 1,
                "generator": "io_three",
                "normals": 71,
                "version": 3
            },
            "faces": [42,0,1,2,0,0,1,2,0,1,2,42,0,2,3,0,0,2,3,0,2,3,42,4,5,6,0,1,0,3,4,5,6,42,4,6,7,0,1,3,2,4,6,7,42,8,9,10,0,4,5,6,8,9,10,42,8,10,11,0,4,6,7,8,10,11,42,12,13,14,0,8,9,10,12,13,14,42,12,14,15,0,8,10,11,12,14,15,42,16,17,18,0,5,4,7,16,17,18,42,16,18,19,0,5,7,6,16,18,19,42,20,21,22,0,5,6,7,9,20,21,42,20,22,23,0,5,7,4,9,21,22,42,24,25,26,0,12,13,14,23,24,25,42,24,26,27,0,12,14,15,23,25,26,42,28,29,30,0,4,7,6,17,27,28,42,28,30,31,0,4,6,5,17,28,16,42,32,33,34,0,16,17,18,13,29,15,42,32,34,35,0,16,18,19,13,15,12,42,36,37,38,0,15,14,13,30,31,32,42,36,38,39,0,15,13,12,30,32,4,42,40,41,42,0,20,21,22,17,27,33,42,40,42,43,0,20,22,23,17,33,16,42,44,45,46,0,0,3,2,5,34,35,42,44,46,47,0,0,2,1,5,35,36,42,48,49,50,0,23,22,21,37,38,39,42,48,50,51,0,23,21,20,37,39,8,42,52,53,54,0,24,25,26,15,12,13,42,52,54,55,0,24,26,27,15,13,40,42,56,57,58,0,1,2,3,1,41,42,42,56,58,59,0,1,3,0,1,42,0,42,60,61,62,0,12,15,14,4,5,6,42,60,62,63,0,12,14,13,4,6,43,42,64,65,66,0,15,12,13,44,45,46,42,64,66,67,0,15,13,14,44,46,47,42,68,69,70,0,23,20,21,16,17,48,42,68,70,71,0,23,21,22,16,48,19,42,72,73,74,0,28,29,30,40,15,12,42,72,74,75,0,28,30,31,40,12,13,42,76,77,78,0,20,23,22,22,9,49,42,76,78,79,0,20,22,21,22,49,50,42,3,80,81,0,3,32,33,3,51,52,42,3,81,18,0,3,33,34,3,52,18,42,8,1,12,0,4,35,36,8,1,12,42,0,17,13,0,0,37,38,0,17,13,42,15,4,9,0,11,39,40,15,4,9,42,14,16,5,0,10,41,42,14,16,5,42,38,82,83,0,13,43,44,32,53,54,42,38,83,21,0,13,44,45,32,54,20,42,26,84,85,0,14,46,47,25,55,56,42,26,85,29,0,14,47,48,25,56,27,42,30,86,87,0,6,49,50,28,57,58,42,30,87,37,0,6,50,51,28,58,31,42,32,27,28,0,16,52,53,13,26,17,42,35,23,24,0,19,54,55,12,22,23,42,31,36,33,0,5,56,57,16,30,29,42,39,20,34,0,12,58,59,4,9,15,42,58,88,89,0,3,32,33,42,59,60,42,58,89,41,0,3,33,34,42,60,27,42,46,90,91,0,2,60,61,35,61,62,42,46,91,49,0,2,61,62,35,62,38,42,50,92,93,0,21,63,64,39,63,64,42,50,93,57,0,21,64,65,39,64,41,42,52,47,48,0,24,66,67,15,36,37,42,55,43,44,0,27,68,69,40,16,5,42,51,56,53,0,20,70,71,8,1,12,42,59,40,54,0,0,37,38,0,17,13,42,63,94,95,0,13,43,44,43,65,66,42,63,95,78,0,13,44,45,43,66,49,42,68,61,72,0,23,72,73,16,5,40,42,60,77,73,0,12,58,59,4,9,15,42,75,64,69,0,31,74,75,13,44,17,42,74,76,65,0,30,76,77,12,22,45,42,6,5,16,0,3,0,37,6,5,16,42,6,16,19,0,3,37,34,6,16,19,42,18,17,0,0,7,4,35,18,17,0,42,18,0,3,0,7,35,78,18,0,3,42,2,1,8,0,2,1,79,2,1,8,42,2,8,11,0,2,79,62,2,8,11,42,10,9,4,0,6,5,56,10,9,4,42,10,4,7,0,6,56,51,10,4,7,42,12,15,9,0,8,11,40,12,15,9,42,12,9,8,0,8,40,80,12,9,8,42,13,12,1,0,9,8,81,13,12,1,42,13,1,0,0,9,81,82,13,1,0,42,5,4,15,0,0,1,83,5,4,15,42,5,15,14,0,0,83,38,5,15,14,42,14,13,17,0,10,9,84,14,13,17,42,14,17,16,0,10,84,41,14,17,16,42,21,20,39,0,6,5,56,20,9,4,42,21,39,38,0,6,56,51,20,4,32,42,25,24,23,0,13,12,58,24,23,22,42,25,23,22,0,13,58,45,24,22,21,42,29,28,27,0,7,4,35,27,17,26,42,29,27,26,0,7,35,78,27,26,25,42,37,36,31,0,14,15,85,31,30,16,42,37,31,30,0,14,85,48,31,16,28,42,28,31,33,0,4,5,57,17,16,29,42,28,33,32,0,4,57,36,17,29,13,42,24,27,32,0,12,15,86,23,26,13,42,24,32,35,0,12,86,59,23,13,12,42,34,33,36,0,18,17,87,15,29,30,42,34,36,39,0,18,87,88,15,30,4,42,20,23,35,0,5,4,36,9,22,12,42,20,35,34,0,5,36,57,9,12,15,42,22,21,83,0,7,6,49,21,20,54,42,22,83,96,0,7,49,89,21,54,67,42,38,37,87,0,13,14,46,32,31,58,42,38,87,82,0,13,46,43,32,58,53,42,30,29,85,0,6,7,89,28,27,56,42,30,85,86,0,6,89,49,28,56,57,42,26,25,97,0,14,13,43,25,24,68,42,26,97,84,0,14,43,46,25,68,55,42,41,40,59,0,21,20,70,27,17,0,42,41,59,58,0,21,70,65,27,0,42,42,45,44,43,0,3,0,37,34,5,16,42,45,43,42,0,3,37,34,34,16,33,42,49,48,47,0,22,23,72,38,37,36,42,49,47,46,0,22,72,90,38,36,35,42,57,56,51,0,2,1,79,41,1,8,42,57,51,50,0,2,79,62,41,8,39,42,48,51,53,0,23,20,71,37,8,12,42,48,53,52,0,23,71,73,37,12,15,42,44,47,52,0,0,1,83,5,36,15,42,44,52,55,0,0,83,38,5,15,40,42,54,53,56,0,26,25,91,13,12,1,42,54,56,59,0,26,91,92,13,1,0,42,40,43,55,0,20,23,73,17,16,40,42,40,55,54,0,20,73,71,17,40,13,42,42,41,89,0,22,21,63,33,27,60,42,42,89,98,0,22,63,93,33,60,69,42,58,57,93,0,3,2,60,42,41,64,42,58,93,88,0,3,60,32,42,64,59,42,50,49,91,0,21,22,93,39,38,62,42,50,91,92,0,21,93,63,39,62,63,42,46,45,99,0,2,3,32,35,34,70,42,46,99,90,0,2,32,60,35,70,61,42,66,65,76,0,13,12,20,46,45,22,42,66,76,79,0,13,20,21,46,22,50,42,78,77,60,0,22,23,72,49,9,4,42,78,60,63,0,22,72,90,49,4,43,42,62,61,68,0,14,15,85,6,5,16,42,62,68,71,0,14,85,48,6,16,19,42,70,69,64,0,21,20,70,48,17,44,42,70,64,67,0,21,70,65,48,44,47,42,72,75,69,0,28,31,75,40,13,17,42,72,69,68,0,28,75,94,40,17,16,42,73,72,61,0,29,28,95,15,40,5,42,73,61,60,0,29,95,96,15,5,4,42,65,64,75,0,12,15,86,45,44,13,42,65,75,74,0,12,86,59,45,13,12,42,74,73,77,0,30,29,97,12,15,9,42,74,77,76,0,30,97,76,12,9,22],
            "skinIndices": [],
            "influencesPerVertex": 2,
            "normals": [-0.341594,-0.875637,-0.34135,0.341624,-0.875637,-0.34135,0.382672,-0.923856,0,-0.459609,-0.831629,-0.311624,0.341594,0.875637,-0.34138,-0.341594,0.875637,-0.34138,-0.382672,0.923856,0,0.382672,0.923856,0,0.875637,-0.341594,-0.34135,0.875637,0.341594,-0.34138,0.923856,0.382672,0,0.923856,-0.382672,0,0.341746,-0.341746,-0.875423,-0.341777,-0.341746,-0.875423,-0.341746,0.341716,-0.875423,0.341746,0.341746,-0.875423,-0.875637,0.341594,-0.34138,-0.875637,-0.341594,-0.34135,-0.831599,-0.459639,-0.311624,-0.923856,0.382672,0,0.827174,0.327616,-0.456526,0.916349,-0.25013,-0.31254,0.875637,-0.341594,-0.34138,0.341594,-0.875637,-0.34135,0.250221,-0.91644,-0.312235,-0.327586,-0.827174,-0.456557,-0.341624,-0.875637,-0.34138,-0.827174,-0.327586,-0.456557,-0.827143,0.327586,-0.456557,-0.341746,0.341716,-0.875454,-0.341594,0.875607,-0.34138,-0.327586,0.827174,-0.456526,0.327769,0.827235,-0.456282,-0.916349,0.250099,-0.312571,-0.250099,0.916379,-0.31254,0.327616,0.827143,-0.456526,0.341594,0.875637,-0.34135,0.875637,0.341594,-0.34135,0.827174,0.327647,-0.456465,0.827143,-0.327586,-0.456557,-0.341746,0.341746,-0.875423,0.327586,-0.827143,-0.456587,-0.327586,-0.827204,-0.456496,0.459517,0.83169,-0.311594,-0.341624,-0.875637,-0.34135,0.341594,-0.875637,-0.34138,0.382641,-0.923887,0,-0.382672,-0.923856,0,-0.923856,-0.382672,0,0.831599,0.4597,-0.311563,0.923856,-0.382702,0,-0.470717,-0.470779,-0.746147,-0.470748,-0.470748,-0.746147,0.262337,0.601947,-0.754173,0.600879,0.263466,-0.754631,-0.263009,-0.600757,-0.754875,-0.600757,-0.263009,-0.754875,-0.600726,0.263009,-0.754936,-0.263009,0.600757,-0.754875,-0.262886,-0.601001,-0.754753,-0.600787,-0.2631,-0.754845,0.26307,0.600696,-0.754906,0.600879,0.262917,-0.754814,0.600757,-0.263009,-0.754906,0.263009,-0.600726,-0.754906,0.470595,0.472335,-0.745262,0.470687,0.471633,-0.745628,0.707083,0,-0.707083,0,-0.707083,-0.707114,-0.707053,0,-0.707114,0,0.707114,-0.707083],
            "bones": []
        },
        "type": "Geometry"
    }],
    "metadata": {
        "version": 4.4,
        "generator": "io_three",
        "type": "Object"
    },
    "textures": []
}